,pop,medAge,medHHIncome,hh,hhNoCar,hhNoInternet,povNum,povDenom,attDenom,attHS,attGED,attAssoc,attBa,attMa,attProf,attDoc,popWhite,popBlack,popAmIn,popAsian,popNat,popOtherSingle,popTwo,popHisp,units,units1d,units1a,unitsOccup,unitsOccupOwn,unitsOccupRent,medRent,medHomeVal,selfEmplDenom,selfEmpl1,selfEmpl2,selfEmpl3,selfEmpl4,commuteDenom,commuteCar,commutePT,commuteBike,commuteWalk,workFromHome,commuteTimeAgg,langDenom,langEng,langSpa,B01001_003E,B01001_004E,B01001_005E,B01001_006E,B01001_007E,B01001_008E,B01001_009E,B01001_010E,B01001_011E,B01001_012E,B01001_013E,B01001_014E,B01001_015E,B01001_016E,B01001_017E,B01001_018E,B01001_019E,B01001_020E,B01001_021E,B01001_022E,B01001_023E,B01001_024E,B01001_025E,B01001_026E,B01001_027E,B01001_028E,B01001_029E,B01001_030E,B01001_031E,B01001_032E,B01001_033E,B01001_034E,B01001_035E,B01001_036E,B01001_037E,B01001_038E,B01001_039E,B01001_040E,B01001_041E,B01001_042E,B01001_043E,B01001_044E,B01001_045E,B01001_046E,B01001_047E,B01001_048E,B01001_049E,popAsianP,popWhiteP,popBlackP,popAmInP,popNatP,popOtherSingleP,popTwoP,popHispP,popOtherP,popOther,popAsian_,popWhite_,popBlack_,popHisp_,popOther_,povP,attSchoolP,attAssocP,attBaP,attMaHighP,hhNoCarP,hhNoInternetP,unitsSF,unitsSFP,unitsVacant,unitsVacantP,unitsOccupOwnP,pop0to9,pop10to19,pop20to29,pop30to39,pop40to49,pop50to59,pop60to69,pop70to79,pop80Plus,pop0to9P,pop10to19P,pop20to29P,pop30to39P,pop40to49P,pop50to59P,pop60to69P,pop70to79P,pop80PlusP,pop0to9_,pop10to19_,pop20to29_,pop30to39_,pop40to49_,pop50to59_,pop60to69_,pop70to79_,pop80Plus_,selfEmpl,selfEmplP,commuteCarP,commutePTP,commuteBikeWalkP,workFromHomeP,commuteTime,langEngP,langSpaP,sqmi,ppsqmi
Andover,3152,51.2,134632,1201,9,9,55,3135,2369,642,67,108,516,462,36,87,2969,1,0,54,0,0,111,17,1238,1175,9,1201,1118,83,1166,376500,1854,17,76,15,28,1840,1538,16,0,0,286,39380,3053,2847,0,80,86,45,112,8,0,40,129,108,66,157,35,49,166,136,59,110,67,70,56,64,38,22,1449,19,108,15,46,49,14,32,0,103,80,95,37,46,114,233,105,66,24,86,74,24,20,59,1.7131979695431472,94.19416243654823,0.031725888324873094,0.0,0.0,0.0,3.521573604060914,0.5393401015228426,3.521573604060914,111,1.8187942068036373,100.0,0.033681374200067365,0.5725833614011452,3.738632536207477,1.7543859649122806,29.92823976361334,4.5588856057408185,21.78134233853947,24.69396369776277,0.7493755203996669,0.7493755203996669,1184,95.63812600969305,37,2.988691437802908,93.08909242298084,293,275,426,398,167,649,587,218,139,9.295685279187817,8.724619289340103,13.51522842639594,12.626903553299492,5.298223350253807,20.59010152284264,18.623096446700508,6.916243654822335,4.409898477157361,45.14637904468413,42.3728813559322,65.63944530046226,61.325115562403695,25.731895223420647,100.0,90.44684129429892,33.59013867488444,21.417565485362093,136,7.335490830636461,83.58695652173913,0.8695652173913043,0.0,15.543478260869565,25.34105534105534,93.25253848673437,0.0,15.45,204.01294498381878
Ansonia,19033,40.1,85877,7212,488,516,1791,19029,13671,4451,876,1159,1777,1054,97,67,10009,2500,12,376,0,57,799,5280,7932,3825,355,7212,4189,3023,1476,287200,10024,136,182,135,154,9611,8325,102,0,121,870,234620,18098,12596,3261,499,562,448,326,226,146,83,542,720,804,591,583,453,542,735,181,288,323,323,197,385,153,127,9796,436,412,414,381,207,207,14,459,747,507,748,711,541,653,569,307,554,235,297,435,325,382,255,1.9755162086901696,52.58761099143593,13.13508117480166,0.06304838963904796,0.0,0.29947985078547784,4.1979719434666105,27.741291441181104,4.560500183891136,868,3.756619042861424,100.0,24.977520231791388,52.75252272954341,8.672195024477968,9.411950181302222,38.965693804403486,8.477799722039354,12.998317606612536,8.90937019969278,6.7665002773155845,7.154742096505824,4180,52.69793242561776,720,9.07715582450832,58.08374930671104,1909,2002,2918,2650,2288,2499,2508,1342,917,10.029947985078548,10.51857300478117,15.331266747228497,13.923186045289759,12.02122629117848,13.12982714233174,13.177113434561024,7.050911574633531,4.81794777491725,65.42152159013023,68.60863605209047,100.0,90.815627141878,78.40986977381769,85.64084989718985,85.94928032899246,45.99040438656614,31.42563399588759,607,6.0554668794892255,86.61949849131204,1.0612839454791385,1.2589740921860368,9.052127770263239,26.841322503146092,69.59885070173499,18.018565587357717,6.02,3161.6279069767443
Ashford,4226,37.9,121926,1876,22,12,226,4216,3167,1203,139,200,486,357,89,186,3710,0,0,88,0,0,244,184,2079,1678,22,1876,1441,435,1246,334800,1955,103,47,43,38,1870,1453,0,0,10,360,52005,4121,3925,32,78,190,96,29,51,0,8,98,139,114,235,88,105,98,121,89,115,50,79,124,87,26,14,2192,27,48,160,153,57,0,0,64,83,207,337,121,95,169,83,83,86,84,90,128,79,23,15,2.0823473734027447,87.789872219593,0.0,0.0,0.0,0.0,5.773781353525793,4.353999053478467,5.773781353525793,244,2.371967654986523,100.0,0.0,4.959568733153639,6.576819407008087,5.3605313092979125,42.374486896116196,6.315124723713293,15.345753078623304,19.955794126934006,1.1727078891257996,0.6396588486140725,1700,81.77008177008177,203,9.764309764309765,76.81236673773986,343,546,392,893,409,471,676,418,78,8.11642214860388,12.920018930430668,9.275911026975864,21.131093232371036,9.678182678655938,11.14529105537151,15.99621391386654,9.891150023663037,1.8457169900615238,38.40985442329227,61.14221724524076,43.89697648376259,100.0,45.8006718924972,52.74356103023516,75.69988801791713,46.808510638297875,8.734602463605823,231,11.815856777493607,77.70053475935829,0.0,0.53475935828877,19.25133689839572,34.44039735099338,95.2438728463965,0.7765105556903664,38.76,109.02992776057792
Avon,18946,44.3,154058,7575,302,451,904,18763,13695,1025,145,712,4959,3302,1010,736,13988,408,12,2797,0,23,862,856,8068,5797,918,7575,6468,1107,1857,479700,9338,281,298,182,246,9118,5617,186,2,110,3070,149760,17883,14255,318,677,449,745,486,131,36,5,236,287,391,661,793,720,511,717,374,296,263,389,363,296,230,468,9422,386,626,588,364,186,95,44,197,367,566,545,810,422,741,624,250,326,256,462,538,424,233,372,14.763010661881134,73.83088778634013,2.153488863084556,0.06333790773778106,0.0,0.1213976564974137,4.54977303916394,4.518104085295049,4.734508603399134,897,19.995710609093507,100.0,2.916785816414069,6.119531026594224,6.412639405204461,4.8179928582849225,8.543263964950713,5.19897772909821,36.21029572836802,36.86016794450529,3.9867986798679866,5.9537953795379535,6715,83.23004462072385,493,6.110560237977194,85.38613861386139,2138,2500,1267,2163,2745,2593,2616,1621,1303,11.284703895281325,13.195397445371054,6.68742742531405,11.416657869735037,14.488546395017417,13.686266230338859,13.807663886836272,8.555895703578592,6.877441148527394,77.88706739526413,91.07468123861567,46.15664845173042,78.79781420765028,100.0,94.46265938069217,95.30054644808743,59.052823315118395,47.46812386156648,1007,10.783893767402013,61.60342180302698,2.039921035314762,1.2283395481465234,33.66966440008774,24.761904761904763,79.71257618967734,1.778225130011743,23.16,818.0483592400691
Barkhamsted,3678,50.2,123544,1460,0,30,132,3678,2793,599,36,207,957,510,35,14,3428,1,0,13,0,0,8,228,1527,1412,14,1460,1356,104,1164,368000,2055,39,204,26,80,2052,1587,31,0,17,417,46015,3561,3424,28,93,35,49,70,10,11,51,50,41,192,110,53,148,93,200,110,34,33,94,245,30,42,19,1865,24,90,105,136,18,41,24,78,23,50,150,99,79,207,134,30,38,65,106,203,122,43,0,0.35345296356715605,93.20282762370854,0.02718868950516585,0.0,0.0,0.0,0.2175095160413268,6.199021207177815,0.2175095160413268,8,0.37922987164527416,100.0,0.029171528588098013,6.651108518086348,0.2333722287047841,3.588907014681892,22.735409953455065,7.411385606874328,34.26423200859291,20.014321518080916,0.0,2.054794520547945,1426,93.38572364112639,67,4.387688277668631,92.87671232876711,242,388,319,502,379,634,510,600,104,6.579662860250137,10.54921152800435,8.673191952147906,13.648722131593258,10.304513322457858,17.23762914627515,13.866231647634583,16.31321370309951,2.8276237085372484,38.170347003154575,61.198738170347,50.315457413249206,79.17981072555204,59.779179810725545,100.0,80.4416403785489,94.6372239747634,16.40378548895899,349,16.982968369829685,77.3391812865497,1.5107212475633527,0.8284600389863548,20.321637426900587,28.143730886850154,96.15276607694467,0.7862959842740803,36.25,101.46206896551725
Beacon Falls,6147,48.4,101516,2649,229,74,131,6147,4687,1032,231,476,974,811,183,121,4533,251,0,71,0,0,322,970,2672,1856,371,2649,2265,384,1921,350300,3191,66,196,15,137,3184,2472,26,0,20,646,83075,5735,5119,403,222,311,35,166,29,58,0,68,212,168,253,75,189,102,186,85,274,69,184,230,159,33,16,3023,190,0,35,145,64,72,0,65,168,314,185,68,163,255,178,181,189,33,128,258,213,56,63,1.1550349764112575,73.74328940946803,4.083292663087685,0.0,0.0,0.0,5.238327639498943,15.780055311534083,5.238327639498943,322,1.5662916390911097,100.0,5.537171850871387,21.3986322523715,7.103463489962497,2.1311208719700665,26.946874333262215,10.155749946660977,20.78088329421805,23.78920418177939,8.644771611929029,2.7935069837674593,2227,83.34580838323353,23,0.8607784431137725,85.5039637599094,723,474,643,920,495,721,1143,860,168,11.761835041483652,7.711078574914593,10.460387180738572,14.966650398568406,8.052708638360176,11.729298844965024,18.594436310395317,13.990564503009598,2.7330405075646658,63.25459317585301,41.46981627296588,56.25546806649169,80.4899387576553,43.30708661417323,63.07961504811899,100.0,75.2405949256343,14.698162729658792,414,12.973989345032905,77.63819095477386,0.8165829145728644,0.628140703517588,20.28894472361809,32.732466509062256,89.25893635571055,7.027027027027027,9.67,635.6773526370217
Berlin,20361,48.7,113598,8388,276,441,683,20331,14751,2991,200,1560,3754,2109,598,168,17147,230,0,677,0,146,697,1464,8629,6838,181,8388,6928,1460,1402,374600,11208,448,520,70,284,11101,9270,54,39,70,1604,199785,19585,16268,802,379,785,574,550,177,122,62,338,495,345,636,544,355,813,1231,250,552,367,285,547,303,144,401,10106,397,393,353,518,172,126,53,611,321,463,725,445,577,671,824,206,520,378,406,550,611,412,374,3.3249840381120768,84.21492068169539,1.129610529934679,0.0,0.0,0.7170571190020136,3.423211040715093,7.190216590540739,4.140268159717106,843,3.948212515308801,100.0,1.3413425088936841,8.537936665305885,4.9163118912929376,3.3594018985785254,21.632431699545794,10.575554199715272,25.449122093417397,19.490204053962444,3.290414878397711,5.257510729613734,7019,81.34198632518252,241,2.7929076370378954,82.59418216499762,1954,2344,2128,2169,1921,3539,2964,2011,1331,9.59677815431462,11.512204705073424,10.451353076960856,10.65271843229704,9.434703600019645,17.381268110603603,14.557241785766909,9.876725111733215,6.537007023230686,55.21333710087596,66.23339926532918,60.129980220401244,61.28849957615146,54.2808703023453,100.0,83.75247244984459,56.823961571065276,37.60949420740322,1322,11.795146324054247,83.5059904513107,0.48644266282316906,0.9818935231060265,14.449148725340061,21.03664315046857,83.06356905795252,4.094970640796528,26.31,773.8882554161916
Bethany,5288,42.5,166236,1735,0,58,124,5284,3609,931,64,186,849,761,327,158,4486,70,0,167,0,126,327,112,1835,1732,33,1735,1686,49,-666666666,418000,3387,64,67,16,34,3313,2686,24,86,66,396,93500,5000,4522,98,189,207,88,142,31,0,0,293,53,202,172,103,164,230,123,91,121,77,26,163,135,34,40,2604,99,152,142,54,109,1,33,139,17,135,211,348,88,286,111,101,141,62,86,106,113,31,39,3.1580937972768535,84.83358547655068,1.32375189107413,0.0,0.0,2.3827534039334344,6.183812405446294,2.118003025718608,8.566565809379728,453,3.722692822113242,100.0,1.5604101649576458,2.496656263932233,10.098082924654483,2.34670704012112,27.569963978941537,5.15378221113882,23.524522028262677,34.524799113327795,0.0,3.342939481268011,1765,96.18528610354224,100,5.449591280653951,97.1757925072046,647,566,536,720,703,750,705,517,144,12.235249621785174,10.703479576399396,10.136157337367626,13.61573373676248,13.294251134644478,14.18305597579425,13.332072617246595,9.776853252647504,2.723146747352496,86.26666666666667,75.46666666666667,71.46666666666667,96.0,93.73333333333333,100.0,94.0,68.93333333333334,19.2,181,5.343962208444051,81.07455478418352,0.724418955629339,4.587986718985813,11.952912767884092,32.053479602331166,90.44,1.96,21.11,250.4973945997158
Bethel,20796,42.8,116541,7782,427,286,1053,20614,14461,2783,307,1066,3474,2482,473,179,13279,887,0,1518,0,628,1504,2980,8181,4992,1013,7782,5850,1932,1640,434600,11190,319,676,71,407,10693,8388,89,0,66,1872,287005,19674,15189,1608,617,716,964,326,166,306,68,278,489,666,485,453,581,784,941,413,602,272,296,368,269,157,135,10444,505,360,530,329,264,275,128,503,408,846,500,674,679,829,899,383,421,164,383,603,281,271,209,7.299480669359493,63.85362569724947,4.265243316022312,0.0,0.0,3.019811502211964,7.232160030775149,14.329678784381612,10.251971532987113,2132,11.431583703592139,100.0,6.679719858423075,22.44144890428496,16.055425860381053,5.108178907538566,21.367816886798977,7.371551068390844,24.023234907682735,21.67208353502524,5.487021331277306,3.6751477769211,6005,73.40178462290675,399,4.8771543821048775,75.17347725520432,2198,2579,2455,2497,2387,3453,2934,1521,772,10.569340257741873,12.401423350644354,11.805154837468743,12.007116753221773,11.478168878630505,16.604154645124062,14.108482400461627,7.313906520484709,3.71225235622235,63.65479293368086,74.68867651317694,71.09759629307848,72.31392991601507,69.12829423689544,100.0,84.96959165942658,44.04865334491747,22.35737040254851,1473,13.163538873994638,78.44384176564108,0.8323202094828391,0.6172262227625549,17.506780136537923,32.53656048067113,77.20341567551083,8.173223543763344,16.96,1226.1792452830189
Bethlehem,3423,51.5,108929,1448,12,160,355,3402,2641,741,57,272,604,319,87,26,3085,51,21,55,0,0,70,141,1568,1368,22,1448,1017,431,1127,410900,1770,40,71,25,24,1747,1408,0,0,66,242,43660,3362,3006,203,14,103,62,106,25,9,0,101,38,130,61,95,82,86,128,86,221,72,53,163,104,0,0,1684,47,64,77,84,56,0,0,34,162,68,78,106,66,41,186,69,100,113,90,181,38,15,9,1.6067776803973124,90.12562080046742,1.4899211218229622,0.6134969325153374,0.0,0.0,2.044989775051125,4.1191936897458366,2.658486707566462,91,1.782820097244733,100.0,1.653160453808752,4.570502431118315,2.949756888168558,10.435038212815991,30.215827338129497,10.299129117758426,22.870124952669443,16.357440363498675,0.8287292817679558,11.049723756906078,1390,88.64795918367348,120,7.653061224489796,70.23480662983425,228,410,344,337,349,441,804,486,24,6.660823838737949,11.977797253870873,10.049664037394098,9.845165059888986,10.195734735612035,12.883435582822086,23.488168273444344,14.198071866783524,0.7011393514461,28.35820895522388,50.99502487562189,42.78606965174129,41.91542288557214,43.407960199004975,54.850746268656714,100.0,60.447761194029844,2.9850746268656714,160,9.03954802259887,80.59530623926732,0.0,3.777904979965655,13.85231825987407,29.00996677740864,89.41106484235574,6.03807257584771,19.38,176.62538699690404
Bloomfield,21754,48.4,98725,9414,861,475,1247,21386,17486,3285,702,1235,3680,2605,498,358,6674,11222,0,795,0,438,807,1818,9821,6167,777,9414,6698,2716,1881,286900,11146,178,275,85,439,10797,8262,298,32,56,1968,205380,21086,17187,1343,370,628,216,319,116,27,28,215,540,1207,614,478,569,541,796,267,375,294,349,542,400,349,489,12025,298,576,378,187,274,11,206,419,707,1032,467,735,552,868,935,286,584,346,503,667,599,593,802,3.654500321779903,30.679415279948515,51.58591523397996,0.0,0.0,2.013422818791946,3.709662590787901,8.357083754711777,5.723085409579847,1245,7.0842986989841386,59.47246480128319,100.0,16.20032079843165,11.094279094635535,5.830917422612925,22.801098021274164,7.06279309161615,21.04540775477525,19.792977238934004,9.145952836201403,5.0456766517951985,6944,70.7056307911618,407,4.1441808369819775,71.14935202889315,1872,1490,2153,3320,2334,3140,3004,2208,2233,8.60531396524777,6.8493150684931505,9.897030431185069,15.261561092212927,10.729061322055713,14.43412705709295,13.8089546750023,10.149857497471729,10.264778891238393,56.3855421686747,44.87951807228915,64.84939759036145,100.0,70.3012048192771,94.57831325301204,90.48192771084337,66.50602409638554,67.25903614457832,977,8.765476404091153,76.5212559044179,2.760025933129573,0.8150412151523571,18.227285357043623,23.26197757390418,81.5090581428436,6.369154889500142,26.09,833.806055960138
Bolton,4853,43.7,126364,1974,21,104,347,4853,3585,698,38,261,1107,631,71,31,4042,140,0,64,0,8,226,373,2005,1835,19,1974,1738,236,1127,367600,2464,51,157,23,59,2430,1878,12,0,37,503,47735,4715,4020,249,55,84,220,127,16,15,24,57,144,104,200,247,63,239,161,118,118,44,101,165,75,20,24,2432,83,126,170,107,72,7,38,67,72,93,188,177,73,269,109,103,152,56,195,80,41,111,43,1.318771893674016,83.28868740984959,2.88481351741191,0.0,0.0,0.164846486709252,4.65691324953637,7.685967442818875,4.821759736245622,234,1.5833745670460166,100.0,3.4636318654131615,9.228104898565064,5.789213260762,7.150216361013806,20.529986052998606,7.280334728033473,30.87866108786611,20.446304044630402,1.0638297872340425,5.268490374873354,1854,92.46882793017457,31,1.546134663341646,88.04457953394123,348,712,424,585,560,778,887,361,198,7.170822171852461,14.67133731712343,8.736863795590356,12.054399340614053,11.53925406964764,16.03132083247476,18.277354213888316,7.438697712754997,4.079950546053987,39.23337091319053,80.27057497181511,47.80157835400225,65.95264937993235,63.134160090191656,87.71138669673056,100.0,40.69898534385569,22.322435174746335,290,11.76948051948052,77.28395061728395,0.49382716049382713,1.5226337448559673,20.699588477366255,24.7716658017644,85.25980911983034,5.28101802757158,14.41,336.78001387925053
Bozrah,2293,46.4,108516,925,22,54,268,2293,1696,485,85,126,312,196,33,6,2116,7,0,24,0,0,79,67,1036,901,41,925,808,117,1426,311200,1211,15,36,7,6,1099,990,2,6,3,82,29230,2192,2055,50,39,46,82,48,82,5,6,0,87,75,67,34,39,109,140,33,66,43,44,57,22,58,45,1066,62,34,60,100,0,0,0,33,25,75,86,72,27,96,83,56,27,56,37,45,33,45,14,1.0466637592673353,92.2808547754034,0.30527692978630616,0.0,0.0,0.0,3.4452682075883123,2.921936327954645,3.4452682075883123,79,1.1342155009451798,100.0,0.3308128544423441,3.1663516068052933,3.733459357277883,11.68774531181858,33.60849056603774,7.429245283018868,18.39622641509434,13.856132075471697,2.3783783783783785,5.837837837837838,942,90.92664092664093,111,10.714285714285714,87.35135135135135,181,372,156,303,172,428,362,157,162,7.893589184474488,16.2232882686437,6.80331443523768,13.21412996075011,7.501090274749236,18.665503706934146,15.787178368948975,6.846925425207153,7.064980375054514,42.28971962616823,86.91588785046729,36.44859813084112,70.7943925233645,40.18691588785047,100.0,84.57943925233646,36.68224299065421,37.850467289719624,64,5.284888521882741,90.08189262966333,0.18198362147406735,0.8189262966333031,7.461328480436761,28.74139626352016,93.75,2.281021897810219,19.96,114.87975951903807
Branford,28217,54.2,105225,13178,623,573,1641,27925,22638,4618,345,2026,6300,3774,854,738,23404,930,29,1196,0,90,739,1829,14254,7968,1765,13178,9158,4020,1565,401200,15260,674,557,256,435,14973,12017,178,94,200,2405,294930,27296,24291,947,468,565,623,411,276,165,49,447,947,594,563,590,820,923,1410,392,643,569,785,998,795,453,290,14441,453,610,534,302,269,136,17,254,613,812,689,688,798,787,1297,665,865,671,809,1216,793,475,688,4.238579579686005,82.94290675833717,3.2958854591203885,0.10277492291880781,0.0,0.3189566573342312,2.6189885529999644,6.48190806960343,3.040720133253003,858,5.110237566227995,100.0,3.9736797128695955,7.814903435310202,3.666039993163561,5.876454789615041,21.923314780457638,8.94955384751303,27.82931354359926,23.703507376976766,4.727576263469419,4.3481560176051,9733,68.28258734390347,1076,7.548758243300126,69.49461223250873,2096,2415,2628,2658,2896,4417,5399,3802,1906,7.428146153028316,8.558670305135202,9.313534394159548,9.419853279937627,10.263316440443704,15.65368394939221,19.1338554771946,13.47414679094163,6.754793209767161,38.82200407482867,44.7305056491943,48.6756806816077,49.2313391368772,53.63956288201519,81.81144656417855,100.0,70.42044823115393,35.30283385812187,1922,12.595019659239842,80.25779736859681,1.1888065183997865,1.9635343618513323,16.06224537500835,23.46674092934437,88.99106096131302,3.469372801875733,21.84,1291.9871794871794
Bridgeport,149153,36.7,58685,56558,11006,5163,30596,145653,100441,25294,5344,6286,14663,6631,1348,834,36604,29330,156,7006,0,2995,6259,66803,59844,16152,5853,56558,24232,32326,1450,274900,74697,1237,3686,695,2340,72706,57170,4962,193,2953,5559,2045750,141349,67927,50447,4193,4624,4425,2963,2074,1105,1142,3992,5319,5192,5520,5288,4361,4399,4303,2324,2460,1747,1838,2190,1219,994,1119,76362,3611,3735,4803,2764,2927,1502,1358,3494,5680,5741,5060,5444,4553,4507,4274,2650,2975,1461,2069,2915,1813,1204,1822,4.697190133621181,24.541242884822967,19.664371484314763,0.10459058818796806,0.0,2.0080052027113098,4.196362124798026,44.78823758154378,6.308957915697304,9410,10.487552954208642,54.79394637965361,43.9052138377019,100.0,14.086193733814351,21.006089816207012,30.50347965472267,6.25840045399787,14.598620085423283,8.774305313567169,19.4596697195799,9.128682060893242,22005,36.770603569280134,3286,5.4909431187754825,42.844513596661834,16163,19956,23592,21513,19646,17483,17524,8137,5139,10.83652356975723,13.379549858199299,15.817315105965015,14.423444382613827,13.171709586800132,11.721520854424652,11.749009406448412,5.45547189798395,3.4454553378074864,68.51051203797897,84.58799593082401,100.0,91.18769074262461,83.27399118345203,74.10562902678875,74.27941675144116,34.49050525601899,21.782807731434385,7958,10.653707645554707,78.63174978681265,6.824746238274695,4.3270156520782335,7.645861414463731,30.466737158771053,48.05622961605671,35.689675908566734,16.06,9287.235367372354
Bridgewater,1658,55.9,159365,709,15,20,49,1658,1334,237,16,60,420,321,46,4,1475,49,0,18,0,7,76,33,866,850,4,709,653,56,1467,693000,841,47,39,24,42,831,577,17,0,20,209,18310,1625,1506,20,15,15,47,29,27,4,0,23,20,29,23,36,48,80,72,17,27,27,46,148,33,38,28,826,18,36,39,39,3,0,7,22,20,8,47,73,35,53,68,19,45,24,38,119,64,31,18,1.0856453558504222,88.96260554885404,2.9553679131483714,0.0,0.0,0.4221954161640531,4.583835946924005,1.9903498190591074,5.0060313630880575,83,1.2203389830508475,100.0,3.3220338983050843,2.23728813559322,5.627118644067796,2.9553679131483714,18.96551724137931,4.497751124437781,31.484257871064468,27.811094452773617,2.1156558533145273,2.8208744710860367,854,98.61431870669746,157,18.12933025404157,92.1015514809591,84,184,96,107,192,273,243,364,115,5.066344993968637,11.097708082026537,5.790108564535585,6.453558504221954,11.58021712907117,16.46562123039807,14.6562123039807,21.95416164053076,6.936067551266587,23.076923076923077,50.54945054945055,26.373626373626376,29.395604395604398,52.74725274725275,75.0,66.75824175824175,100.0,31.59340659340659,152,18.07372175980975,69.4344163658243,2.0457280385078223,2.406738868832732,25.150421179302047,29.437299035369776,92.67692307692307,1.2307692307692308,16.4,101.09756097560977
Bristol,61462,37.9,79076,24453,1866,1260,6520,60702,43099,11420,2543,4532,8142,3885,647,400,38005,4470,31,2500,0,316,3216,12924,26369,14507,1382,24453,15879,8574,1338,277800,32365,464,1239,314,578,31711,27094,66,0,578,3614,666695,58429,45286,7493,1716,1093,2260,1238,1266,540,199,1435,2757,2117,2642,1947,1845,2183,1880,509,1112,680,944,1031,707,505,484,30372,1317,1675,1840,1223,521,273,442,1325,2259,2043,2363,2048,1845,1515,2058,843,1153,1026,840,1305,912,692,854,4.067553935765188,61.834954931502395,7.272786437148157,0.050437668803488336,0.0,0.5141388174807198,5.232501382968338,21.027626826331716,5.797077869252546,3563,6.578081831337982,100.0,11.76161031443231,34.00605183528483,9.37508222602289,10.740997001746235,32.39750342235318,10.515325181558737,18.891389591405833,11.443420961043179,7.6309655257023685,5.152741994847259,15889,60.25636163677045,1916,7.266107929766013,64.93681756839652,5801,8348,9230,9165,7685,7636,7107,3955,2535,9.438352152549543,13.582376102307117,15.017409130845074,14.911652728515179,12.503660798542187,12.42393674140119,11.563242328593278,6.434870326380528,4.124499690865901,62.849404117009755,90.4442036836403,100.0,99.29577464788733,83.261105092091,82.73022751895991,76.99891657638136,42.84940411700975,27.464788732394368,2595,8.01792059323343,85.44038346315159,0.20812967109205008,1.8227113619879536,11.396676232222257,23.728333985834787,77.5060329630834,12.824111314586933,26.41,2327.224536160545
Brookfield,17706,44.3,148360,6587,181,264,724,17566,12546,1976,169,969,4367,2059,628,258,13793,934,0,424,40,74,786,1655,6995,5127,629,6587,5696,891,1892,479700,9540,483,424,202,497,9344,7734,5,0,28,1526,220310,17023,14362,789,230,239,534,474,260,142,115,192,362,320,496,810,485,680,723,235,382,209,344,363,214,320,201,9376,453,852,595,647,80,49,92,206,415,384,485,609,599,872,651,268,444,225,245,433,268,242,262,2.394668473963628,77.90014684287812,5.27504800632554,0.0,0.22591212018524795,0.4179374223427087,4.439173161640122,9.347113972664634,5.083022704168078,900,3.0740230551729137,100.0,6.7715507866309,11.998839991299935,6.525048937867034,4.121598542639189,17.097082735533238,7.723577235772358,34.80790690259844,23.473617089112068,2.747836647942918,4.0078943373311064,5756,82.28734810578985,408,5.832737669764118,86.47335661150751,1774,2590,1573,1685,2503,2926,2352,1278,1025,10.019202530215745,14.627809781994806,8.883994126284875,9.516548062803569,14.136450920591889,16.525471591550886,13.283632666892577,7.217892239918672,5.788998079746978,60.628844839371155,88.51674641148325,53.75939849624061,57.58714969241285,85.5434039644566,100.0,80.38277511961722,43.67737525632263,35.03075871496924,1606,16.834381551362686,82.76969178082192,0.05351027397260274,0.2996575342465753,16.331335616438356,28.179841391660272,84.36820771896846,4.634905715796275,19.74,896.9604863221886
Brooklyn,8517,45.6,96207,3042,129,232,188,8139,6233,1785,325,559,875,497,80,36,7058,74,4,353,0,132,523,373,3316,2600,99,3042,2484,558,1125,315200,4078,321,213,37,86,3713,3307,0,0,9,397,88675,8273,7624,311,126,239,455,139,18,33,81,82,259,316,280,151,516,405,216,114,153,104,128,176,145,6,170,4205,118,260,195,223,118,54,7,136,186,235,187,290,350,305,511,51,211,80,151,113,125,125,174,4.144651872725138,82.86955500763179,0.8688505342256663,0.04696489374192791,0.0,1.549841493483621,6.140659856757074,4.379476341434777,7.737466243982622,659,5.00141683196373,100.0,1.0484556531595353,5.284783224709549,9.33692264097478,2.3098660769136257,33.852077651211296,8.968394031766405,14.03818386009947,9.834750521418258,4.240631163708087,7.626561472715319,2699,81.39324487334137,274,8.262967430639325,81.65680473372781,743,1148,838,1018,1307,1437,992,559,475,8.723729012563108,13.47892450393331,9.839145238933897,11.952565457320654,15.345779030174944,16.8721380767876,11.647293647998122,6.5633439004344245,5.577081131853939,51.70494084899096,79.88865692414753,58.31593597773138,70.84203201113431,90.95337508698678,100.0,69.03270702853166,38.90048712595686,33.05497564370216,657,16.110838646395294,89.06544573121465,0.0,0.24239159709130084,10.692162671694048,26.74155609167672,92.15520367460414,3.7592167291188203,29.13,292.37899073120496
Burlington,9680,39.9,165120,3305,68,23,205,9678,6543,1246,107,555,1901,1088,211,124,8180,36,0,121,0,12,781,550,3525,3169,146,3305,3128,177,1427,418700,5090,206,350,46,65,4982,3616,1,0,69,1246,108175,9275,8171,297,185,313,366,429,101,56,106,95,205,298,340,252,300,414,369,154,186,69,144,135,109,77,90,4887,220,469,266,255,70,0,8,198,143,181,565,350,338,356,399,146,221,58,170,129,125,113,107,1.25,84.50413223140497,0.371900826446281,0.0,0.0,0.12396694214876033,8.068181818181818,5.681818181818182,8.192148760330578,793,1.4792176039119804,100.0,0.4400977995110024,6.723716381418092,9.694376528117358,2.1182062409588758,20.678587803759743,8.48234754699679,29.053950787100717,21.748433440317896,2.0574886535552195,0.6959152798789713,3315,94.04255319148936,220,6.24113475177305,94.64447806354009,1187,1487,811,1384,1240,1538,1148,498,387,12.262396694214877,15.361570247933884,8.378099173553718,14.297520661157026,12.8099173553719,15.888429752066116,11.859504132231406,5.144628099173554,3.9979338842975207,77.17815344603382,96.68400520156047,52.73081924577373,89.98699609882965,80.62418725617685,100.0,74.64239271781534,32.37971391417425,25.16254876462939,667,13.104125736738704,72.5812926535528,0.02007226013649137,1.3849859494179044,25.010036130068247,28.954764453961456,88.09703504043127,3.202156334231806,29.7,325.9259259259259
Canaan,1175,54.2,89632,499,19,9,188,1175,853,146,23,54,237,120,38,30,1067,15,0,6,0,0,41,46,670,647,11,499,418,81,1830,469400,572,70,54,14,20,569,371,6,0,23,166,6790,1146,1075,7,18,58,10,31,20,0,5,25,5,29,20,39,6,45,103,18,13,22,29,51,33,8,30,557,11,37,6,0,32,14,55,0,8,25,15,39,14,41,41,29,40,8,34,57,16,9,26,0.5106382978723404,90.80851063829786,1.276595744680851,0.0,0.0,0.0,3.4893617021276593,3.9148936170212765,3.4893617021276593,41,0.5623242736644799,100.0,1.4058106841611997,4.311152764761013,3.842549203373946,16.0,19.812426729191092,6.3305978898007025,27.784290738569755,22.039859320046894,3.807615230460922,1.8036072144288577,658,98.2089552238806,171,25.522388059701495,83.76753507014027,124,99,112,89,98,230,193,157,73,10.553191489361701,8.425531914893616,9.53191489361702,7.574468085106383,8.340425531914894,19.574468085106382,16.425531914893618,13.361702127659575,6.212765957446809,53.91304347826087,43.04347826086957,48.69565217391305,38.69565217391304,42.608695652173914,100.0,83.91304347826087,68.26086956521739,31.73913043478261,158,27.62237762237762,65.20210896309314,1.054481546572935,4.042179261862917,29.173989455184536,16.84863523573201,93.804537521815,0.6108202443280977,32.91,35.70343360680645
Canterbury,5124,48.4,103198,2132,60,213,251,5124,4092,1388,177,320,561,436,53,23,4473,152,0,0,0,22,270,207,2248,2062,10,2132,1891,241,924,334200,2689,143,193,38,97,2603,2185,0,0,16,382,70530,4937,4701,123,89,102,112,53,22,0,19,41,131,127,211,225,208,116,76,261,106,139,96,179,102,57,33,2619,98,220,69,28,36,17,27,99,92,76,186,169,215,169,147,117,153,80,62,221,146,70,122,0.0,87.29508196721312,2.966432474629196,0.0,0.0,0.429352068696331,5.269320843091335,4.039812646370024,5.698672911787666,292,0.0,100.0,3.3981667784484686,4.627766599597585,6.528057232282585,4.898516783762686,38.24535679374389,7.820136852394917,13.709677419354838,12.512218963831867,2.8142589118198873,9.9906191369606,2072,92.17081850533808,116,5.160142348754448,88.69606003752345,509,320,426,600,817,508,1014,648,282,9.933645589383294,6.24512099921936,8.313817330210773,11.7096018735363,15.944574551131929,9.914129586260733,19.789227166276348,12.646370023419204,5.50351288056206,50.197238658777124,31.558185404339252,42.01183431952663,59.171597633136095,80.57199211045365,50.09861932938856,100.0,63.905325443786985,27.810650887573964,471,17.515805132019338,83.94160583941606,0.0,0.6146753745678064,14.675374567806376,31.75596578117965,95.21976909054082,2.4913915333198298,39.94,128.292438657987
Canton,10144,45.3,117991,4367,281,63,574,10031,7593,947,56,609,2152,1488,505,195,8770,107,0,287,0,131,584,265,4587,3223,380,4367,3657,710,1403,395300,4991,58,259,19,141,4810,3548,14,0,38,1191,104250,9647,8745,239,229,381,546,224,65,0,0,72,362,187,336,409,249,312,414,239,161,71,177,417,104,120,47,5022,268,140,263,240,0,0,15,108,273,270,295,373,132,464,464,124,150,120,306,451,204,144,218,2.8292586750788646,86.45504731861199,1.0548107255520505,0.0,0.0,1.2914037854889588,5.757097791798108,2.6123817034700316,7.048501577287067,715,3.2725199543899657,100.0,1.2200684150513113,3.0216647662485747,8.152793614595213,5.722260990928123,13.209535098116687,8.020545239035954,28.341893849598314,28.816014750428025,6.434623311197618,1.4426379665674376,3603,78.54807063440157,220,4.796163069544365,83.7416991069384,1018,1338,830,1088,1163,1654,1348,1176,529,10.035488958990536,13.190063091482651,8.18217665615142,10.725552050473187,11.464905362776024,16.305205047318612,13.288643533123029,11.593059936908517,5.214905362776025,61.54776299879081,80.89480048367594,50.181378476420804,65.77992744860943,70.31438935912938,100.0,81.4993954050786,71.10036275695283,31.983071342200724,477,9.557202965337607,73.76299376299377,0.2910602910602911,0.7900207900207901,24.760914760914762,28.806300082895827,90.64994298745724,2.477454130817871,24.59,412.52541683611224
Chaplin,2070,43.7,97846,883,27,74,112,2070,1434,446,86,217,211,123,10,20,1892,15,0,35,0,0,79,49,932,818,32,883,732,151,1473,255200,1179,14,36,0,26,1130,913,6,0,0,205,30005,1979,1923,30,7,33,68,46,82,0,42,30,69,49,31,113,69,37,78,39,57,10,21,97,25,22,15,1030,84,24,25,39,30,41,12,73,38,23,53,47,51,103,53,54,38,34,64,61,26,48,9,1.6908212560386473,91.40096618357488,0.7246376811594203,0.0,0.0,0.0,3.816425120772947,2.3671497584541066,3.816425120772947,79,1.8498942917547567,100.0,0.7928118393234672,2.58985200845666,4.175475687103594,5.4106280193236715,37.099023709902376,15.132496513249652,14.714086471408647,10.669456066945607,3.057757644394111,8.380520951302378,850,91.20171673819742,49,5.257510729613734,82.89920724801813,148,290,305,156,280,271,317,209,94,7.149758454106281,14.009661835748794,14.734299516908212,7.536231884057972,13.526570048309178,13.091787439613526,15.314009661835748,10.096618357487923,4.541062801932367,46.68769716088328,91.48264984227129,96.21451104100946,49.21135646687697,88.32807570977917,85.48895899053628,100.0,65.93059936908517,29.652996845425868,76,6.4461407972858344,80.79646017699115,0.5309734513274336,0.0,18.141592920353983,32.43783783783784,97.17028802425467,1.5159171298635674,19.39,106.75605982465189
Cheshire,29040,44.9,146528,10353,429,587,1375,27290,20614,2791,325,1034,6727,3660,1030,1095,21066,1059,53,2480,0,140,2043,2199,10813,8401,856,10353,8963,1390,1398,440000,13857,521,433,226,394,13588,10578,92,0,281,2594,317755,27859,23781,725,536,604,869,653,215,167,278,667,852,774,747,902,975,1026,1048,476,695,398,560,677,598,326,273,14724,645,1161,1247,652,267,127,73,265,655,442,909,838,1059,910,1054,477,591,491,448,745,657,510,501,8.539944903581267,72.54132231404958,3.646694214876033,0.18250688705234158,0.0,0.4820936639118457,7.035123966942149,7.572314049586777,7.699724517906336,2236,11.77252444697617,100.0,5.02705781828539,10.438621475363146,10.614259944934968,5.03847563209967,15.115940622877655,5.016008537886873,32.633161928786265,28.06345202289706,4.143726456099682,5.669854148555975,9257,85.60991399241654,460,4.254138536946268,86.57393992079591,2946,3903,3084,2872,3774,4038,4136,2677,1610,10.144628099173554,13.440082644628099,10.6198347107438,9.889807162534435,12.99586776859504,13.904958677685949,14.242424242424242,9.21831955922865,5.5440771349862255,71.22823984526111,94.36653771760155,74.56479690522244,69.43907156673113,91.247582205029,97.63056092843327,100.0,64.72437137330755,38.92649903288201,1574,11.35887998845349,77.84810126582279,0.6770680011775096,2.0680011775095672,19.090373859287606,28.902583227214844,85.3620015075918,2.602390609856779,32.83,884.556807797746
Chester,3825,54.0,109191,1628,118,26,443,3739,2831,445,84,216,632,407,198,118,3281,63,0,16,0,0,210,255,1715,1323,60,1628,1191,437,1549,442200,1914,9,84,11,55,1890,1495,32,0,12,345,43715,3562,3387,126,177,150,66,43,43,37,10,128,92,104,107,45,23,102,201,97,134,49,126,201,64,44,46,1736,86,62,23,62,38,0,9,60,5,107,102,130,41,107,313,42,52,59,91,128,105,23,91,0.4183006535947713,85.77777777777777,1.647058823529412,0.0,0.0,0.0,5.490196078431373,6.666666666666667,5.490196078431373,210,0.4876562023773241,100.0,1.9201462968607135,7.772020725388602,6.400487656202378,11.848087723990371,18.68597668668315,7.62981278700106,22.324267043447545,25.538678912045214,7.2481572481572485,1.597051597051597,1383,80.64139941690962,87,5.072886297376093,73.15724815724816,475,275,341,420,239,723,650,498,204,12.418300653594772,7.18954248366013,8.915032679738562,10.980392156862745,6.248366013071895,18.901960784313726,16.99346405228758,13.019607843137255,5.333333333333334,65.6984785615491,38.035961272475795,47.16459197786998,58.09128630705395,33.0567081604426,100.0,89.90318118948825,68.87966804979253,28.21576763485477,159,8.307210031347962,79.1005291005291,1.6931216931216932,0.6349206349206349,18.253968253968253,28.294498381877023,95.08702975856261,3.537338573834924,16.05,238.3177570093458
Clinton,13377,50.5,124824,5509,265,223,758,13345,10140,2341,325,912,2233,1517,503,173,11371,49,0,442,250,65,286,914,6422,5044,224,5509,4668,841,1395,380000,7462,248,225,53,154,7284,6166,160,6,112,826,188590,13076,11730,588,205,315,340,265,320,38,131,212,145,282,313,392,417,637,635,133,376,147,295,377,284,103,177,6838,96,212,422,250,202,39,80,110,186,366,434,457,347,524,611,222,433,193,318,608,330,173,225,3.3041788143828956,85.00411153472378,0.3663003663003663,0.0,1.8688794198998282,0.4859086491739553,2.1379980563654035,6.832623159153771,4.492786125439187,601,3.8870811714009323,100.0,0.43092076334535223,8.037991381584733,5.285375076950136,5.680029973772949,26.29191321499014,8.994082840236686,22.021696252465482,21.627218934911244,4.810310401161735,4.0479215828644035,5268,82.03052008720026,913,14.216754905014014,84.734071519332,828,1799,941,1395,1613,2407,2117,1599,678,6.189728638708231,13.448456305599162,7.034462136502953,10.42834716304104,12.058010017193691,17.993571054795545,15.825670927711744,11.9533527696793,5.068400986768333,34.39966763606149,74.74034067303698,39.09430826755297,57.95596177814707,67.01287910261736,100.0,87.95180722891565,66.43124221022019,28.1678437889489,680,9.112838381131064,84.65129049972543,2.196595277320154,1.6199890170236133,11.339923119165293,29.20253948590895,89.70633221168553,4.496788008565311,16.21,825.2313386798272
Colchester,15648,43.5,122390,6388,353,324,598,15499,11607,2145,397,954,2885,2413,249,216,13898,425,0,170,0,37,429,689,6710,5075,206,6388,4887,1501,1474,366800,8384,280,108,53,218,8339,6582,15,0,67,1531,206040,14500,13705,250,616,461,432,205,142,38,67,315,495,428,623,583,287,503,795,281,410,192,161,430,274,200,135,7575,532,375,223,389,71,40,0,135,402,553,559,375,307,577,677,211,365,272,232,484,383,126,287,1.08640081799591,88.81646216768915,2.716002044989775,0.0,0.0,0.2364519427402863,2.7415644171779143,4.4031186094069525,2.978016359918201,466,1.2231975823859549,100.0,3.0579939559648874,4.957547848611311,3.3530004317167945,3.8583134395767464,21.900577237873698,8.21917808219178,24.85569053157577,24.795382097010425,5.525986224170319,5.072010018785223,5281,78.70342771982116,322,4.798807749627422,76.50281778334377,1984,1462,1492,2163,1552,2552,2124,1571,748,12.678936605316974,9.343047034764826,9.53476482617587,13.822852760736195,9.918200408997956,16.30879345603272,13.57361963190184,10.039621676891615,4.7801635991820035,77.74294670846395,57.288401253918494,58.46394984326019,84.75705329153605,60.81504702194357,100.0,83.22884012539184,61.55956112852664,29.310344827586203,659,7.860209923664121,78.93032737738338,0.1798776831754407,0.8034536515169685,18.35951552943998,30.264394829612222,94.51724137931035,1.7241379310344827,48.94,319.73845525132816
Colebrook,1494,52.1,111250,598,9,11,122,1466,1116,328,29,90,202,158,34,14,1325,33,2,27,0,0,78,29,703,663,18,598,548,50,1333,342800,796,5,63,13,16,773,683,5,4,12,54,24490,1407,1337,14,45,32,41,37,5,16,0,41,19,15,59,16,40,50,81,23,43,32,66,47,32,24,11,719,42,37,13,20,18,31,0,0,38,40,34,38,40,36,71,42,42,34,38,67,16,14,8,1.8072289156626504,88.68808567603749,2.208835341365462,0.13386880856760375,0.0,0.0,5.220883534136546,1.9410977242302543,5.35475234270415,80,2.0377358490566033,100.0,2.490566037735849,2.1886792452830184,6.037735849056603,8.321964529331515,31.989247311827956,8.064516129032258,18.100358422939067,18.45878136200717,1.5050167224080269,1.839464882943144,681,96.8705547652916,105,14.935988620199147,91.63879598662207,156,134,145,148,134,238,320,162,57,10.441767068273093,8.969210174029453,9.705488621151272,9.906291834002676,8.969210174029453,15.930388219544847,21.4190093708166,10.843373493975903,3.815261044176707,48.75,41.875,45.3125,46.25,41.875,74.375,100.0,50.625,17.8125,97,12.185929648241206,88.35705045278137,0.646830530401035,2.069857697283312,6.985769728331177,34.061196105702365,95.02487562189054,0.9950248756218906,31.55,47.353407290015845
Columbia,5300,51.3,127000,2112,33,46,323,5278,4302,1014,135,324,823,539,97,30,4519,93,0,0,0,100,301,287,2352,1991,7,2112,1759,353,966,361500,2510,71,75,31,69,2443,1897,0,0,18,528,61270,5165,4994,102,26,125,173,18,46,30,32,82,134,239,145,228,101,380,138,203,59,94,68,389,63,88,41,2398,109,90,172,14,63,0,18,0,202,179,111,213,77,77,282,153,62,49,144,170,111,44,58,0.0,85.26415094339622,1.7547169811320755,0.0,0.0,1.8867924528301887,5.679245283018868,5.415094339622641,7.566037735849056,401,0.0,100.0,2.0579774286346537,6.350962602345652,8.873644611639744,6.119742326638879,26.708507670850768,7.531380753138076,19.130636913063693,15.481171548117153,1.5625,2.178030303030303,1998,84.94897959183673,240,10.204081632653061,83.28598484848484,350,486,498,674,619,877,832,733,231,6.60377358490566,9.169811320754718,9.39622641509434,12.716981132075473,11.679245283018867,16.547169811320757,15.69811320754717,13.830188679245284,4.3584905660377355,39.908779931584945,55.416191562143666,56.78449258836944,76.85290763968074,70.58152793614595,100.0,94.86887115165337,83.58038768529077,26.339794754846068,246,9.800796812749004,77.65042979942693,0.0,0.7367990176013098,21.612771182971755,31.994778067885118,96.6892545982575,1.9748305905130685,21.37,248.0112306972391
Connecticut,3624508,41.1,95781,1434007,125948,79419,353604,3530170,2554584,565506,81686,195081,595631,355683,82601,51148,2242719,356149,3158,172094,932,31193,155752,662511,1541822,902771,99493,1434007,952989,481018,1488,366900,1849864,47303,67119,21582,46992,1814693,1390167,60136,3536,44871,291021,40315740,3442817,2638366,439949,93305,98593,110538,71370,50351,24201,23108,74641,114820,116216,116430,112643,104761,117242,124304,52125,73850,44454,57558,80241,53015,33727,30776,1846239,88386,96571,104434,68389,49600,24719,21986,69732,109477,114379,117440,114403,109193,122721,131764,54507,77752,47137,65100,91742,65838,43793,57176,4.748065116699976,61.8765084805993,9.826133643517961,0.08712906689680365,0.025713834815649466,0.8606133577302078,4.297190128977505,18.278646370762598,5.2706463884201655,191035,7.673453517805841,100.0,15.880232878037774,29.540526477012946,8.518008720664513,10.01662809439772,25.334535877465765,7.636507548782894,23.316164197380083,19.158970697381648,8.782941784803002,5.538257484098753,1002264,65.005169208897,107815,6.992700843547439,66.45637015718891,376855,454682,462684,464465,441000,496031,472483,290836,165472,10.397411179669074,12.544654336533402,12.765429128587936,12.814566832243163,12.167168619851301,13.685471241889935,13.035783063522,8.024151139961617,4.565364457741575,75.97408226501973,91.66402906269971,93.27723468896097,93.63628482897238,88.90573371422352,100.0,95.25271606008495,58.63262578346918,33.35920537224488,182996,9.892402900970017,76.60618076997045,3.3138387595036733,2.667503539166129,16.03692745825327,26.459592353209878,76.63393087695339,12.778750656802265,4842.37,748.4987722953844
Cornwall,1425,53.9,128864,652,4,12,117,1425,1126,189,22,94,325,247,76,18,1288,11,1,13,0,18,65,29,1011,978,0,652,569,83,1047,554600,764,54,74,19,44,754,417,40,0,50,244,15275,1381,1249,28,7,24,33,44,5,0,0,32,6,47,17,15,42,105,53,18,35,51,45,62,39,18,5,722,37,42,18,8,29,7,0,13,24,29,22,27,55,40,74,36,62,42,25,42,30,42,18,0.9122807017543859,90.3859649122807,0.7719298245614036,0.07017543859649122,0.0,1.263157894736842,4.56140350877193,2.0350877192982457,5.894736842105263,84,1.0093167701863355,100.0,0.8540372670807453,2.251552795031056,6.521739130434782,8.210526315789474,18.738898756660745,8.348134991119005,28.863232682060392,30.284191829484904,0.6134969325153374,1.8404907975460123,978,96.73590504451039,359,35.509396636993074,87.26993865030674,110,137,82,115,139,272,314,173,83,7.719298245614035,9.614035087719298,5.754385964912281,8.070175438596491,9.75438596491228,19.087719298245613,22.035087719298247,12.140350877192981,5.824561403508772,35.03184713375796,43.63057324840764,26.11464968152866,36.624203821656046,44.26751592356688,86.62420382165605,100.0,55.095541401273884,26.43312101910828,191,25.0,55.30503978779841,5.305039787798409,6.631299734748011,32.360742705570296,29.95098039215686,90.44170890658943,2.0275162925416366,46.06,30.937907077724706
Coventry,12326,45.4,108213,4926,175,202,621,12278,8897,2107,426,982,2175,1514,127,187,10918,0,0,164,0,30,308,906,5088,4549,112,4926,4467,459,1232,330000,6146,107,176,119,212,6130,5112,0,20,22,957,137685,11719,10902,455,347,284,293,241,51,245,47,181,208,417,409,278,496,425,384,303,224,201,269,339,276,93,49,6266,260,373,473,306,101,0,38,189,243,387,464,285,395,324,477,220,464,249,91,533,212,93,89,1.330520850235275,88.57699172480935,0.0,0.0,0.0,0.24338796040889177,2.4987830601979555,7.350316404348532,2.7421710206068473,338,1.5021066129327716,100.0,0.0,8.29822311778714,3.0958050925077853,5.05782700765597,28.47027087782398,11.037428346633698,24.44644262110824,20.546251545464763,3.5525781567194477,4.100690215184734,4661,91.60770440251572,162,3.1839622641509435,90.68209500609014,1264,1465,1151,1677,1454,1610,2021,1360,324,10.254746065227973,11.885445399967548,9.337984747687814,13.605386986857052,11.796203147817621,13.061820541943858,16.396235599545676,11.033587538536427,2.628589972416031,62.54329539831767,72.48886689757545,56.952003958436414,82.97872340425532,71.94458189015339,79.66353290450272,100.0,67.29341909945572,16.03166749134092,614,9.990237552879922,83.39314845024471,0.0,0.6851549755301795,15.611745513866232,26.61608351053547,93.02841539380493,3.8825838382114517,37.57,328.0809156241682
Cromwell,14334,43.5,110596,5763,106,278,831,13999,10748,2141,176,887,2884,2029,166,208,10714,557,0,736,0,0,937,1390,6181,3608,977,5763,4749,1014,1628,325200,7365,178,171,92,164,7281,5632,70,89,38,1338,141130,13391,11653,528,671,319,404,288,173,31,71,143,535,435,537,457,451,416,418,100,372,116,161,505,204,145,210,7172,272,385,268,132,134,13,101,181,301,429,765,485,450,381,643,85,335,125,348,449,348,179,363,5.134644900237198,74.74536068089857,3.885865773684945,0.0,0.0,0.0,6.536905260220455,9.69722338495884,6.536905260220455,937,6.869516520440544,100.0,5.198805301474706,12.973679298114615,8.74556654844129,5.936138295592543,21.557499069594343,8.252698176404913,26.832899144026793,22.357647934499443,1.8393197987159464,4.823876453236162,4585,74.17893544733862,418,6.762659763792267,82.40499739718896,1647,1399,1376,2166,1843,1858,1642,1506,897,11.490163248221014,9.760011162271521,9.59955350913911,15.110925073252407,12.857541509697224,12.962187805218361,11.455281149713967,10.50648807032231,6.257848472164085,76.0387811634349,64.58910433979686,63.52723915050785,100.0,85.08771929824562,85.78024007386888,75.80794090489381,69.52908587257618,41.41274238227147,605,8.214528173794976,77.35201208625189,0.9614064002197501,1.7442658975415464,18.37659662134322,23.74726569072859,87.02113359719215,3.942946755283399,12.45,1151.3253012048194
Danbury,87263,40.6,83393,33071,2769,2136,9931,84723,61182,14354,1743,3856,11932,6453,1756,644,35032,9818,70,4722,41,2760,6706,28114,34948,14336,4389,33071,17776,15295,1846,411200,47247,1234,2147,544,1903,45722,37322,1033,0,640,5795,1195555,83683,44987,22500,2107,2119,2519,1861,1331,920,683,1907,2936,3347,2829,3431,2832,3121,2650,1036,1806,1238,1232,2368,924,736,386,42944,1473,2729,2639,1647,1317,622,499,1708,2650,2858,2270,2848,2979,2853,3018,1110,1637,1245,1303,1707,1515,1148,1169,5.411228126468263,40.145307862438834,11.251045689467471,0.08021727421702211,0.04698440346997009,3.1628525262711573,7.684814869990718,32.217549247676565,10.974869073948867,9577,13.4791048184517,100.0,28.025804978305548,80.25234071705869,27.3378625256908,11.721728456263353,26.310025824588934,6.302507273381059,19.502468046157368,14.469942139845053,8.372894681140576,6.458830999969763,18725,53.579603983060544,1877,5.370836671626416,53.75102053158356,8428,11314,11925,11304,12090,11642,10607,6514,3439,9.658159815729462,12.965403435591258,13.665585643399838,12.953943824988826,13.85466921833996,13.34127866335102,12.155208965999336,7.464790346424029,3.940960086176272,69.71050454921422,93.58147229114971,98.63523573200993,93.49875930521092,100.0,96.29445822994211,87.73366418527709,53.879239040529356,28.4449958643507,5828,12.335174720088048,81.62810025808145,2.2593062420716503,1.3997637898604611,12.674423691002143,29.94352192751772,53.7588279578887,26.887181386900565,42.03,2076.207470854152
Darien,21936,40.0,250001,7234,126,145,1263,21917,13479,552,93,340,6377,4061,754,382,17705,106,6,1632,0,159,1066,1262,7675,6529,201,7234,5963,1271,3501,1822400,9899,496,315,173,383,9794,4130,1891,9,182,3474,244225,20498,18005,889,780,1055,1107,715,235,106,51,386,381,285,590,945,700,1054,506,322,290,170,232,403,171,176,174,11102,658,980,947,534,330,141,53,379,307,343,610,961,872,947,512,451,402,167,459,205,293,188,363,7.439824945295405,80.71207148067104,0.48322392414296134,0.02735229759299781,0.0,0.724835886214442,4.859591539022611,5.75309992706054,5.611779722830051,1231,9.217735103078226,100.0,0.59870093194013,7.127929963287208,6.952838181304716,5.762649997718666,4.785221455597596,2.522442317679353,47.31063135247422,38.55627272052823,1.7417749516173624,2.004423555432679,6730,87.68729641693811,441,5.745928338762215,82.43019076582804,3473,3868,1804,1828,3478,3019,2493,1072,901,15.832421590080234,17.633114514952588,8.223924142961343,8.333333333333332,15.855215171407732,13.762764405543399,11.364879649890591,4.886943836615609,4.107403355215172,89.78800413650465,100.0,46.639089968976215,47.25956566701138,89.91726990692864,78.05067218200621,64.45191313340227,27.714581178903824,23.29369183040331,1367,13.809475704616627,42.168674698795186,19.307739432305492,1.9501735756585665,35.47069634470083,38.64319620253165,87.83783783783784,4.337008488633037,12.65,1734.0711462450593
Deep River,4458,46.2,90253,2010,191,168,366,4441,3420,563,106,262,904,609,11,0,3840,132,0,30,0,14,213,229,2121,1493,0,2010,1390,620,1221,362200,2552,53,150,60,90,2513,2046,14,0,53,381,51680,4313,3864,210,114,78,87,77,56,40,0,82,123,74,111,241,74,186,109,8,108,78,110,201,61,31,0,2409,31,11,113,229,32,0,0,88,124,122,175,133,288,245,158,38,120,39,75,197,90,41,60,0.6729475100942126,86.13728129205921,2.9609690444145356,0.0,0.0,0.31404217137729923,4.77792732166891,5.136832660385823,5.09196949304621,227,0.78125,100.0,3.4375000000000004,5.963541666666667,5.911458333333335,8.24138707498311,19.561403508771928,7.660818713450293,26.432748538011698,18.128654970760234,9.502487562189055,8.358208955223882,1493,70.39132484677039,111,5.233380480905233,69.15422885572139,234,594,457,482,736,698,576,549,132,5.248990578734858,13.324360699865412,10.251233737101838,10.812023328847015,16.509645580978017,15.657245401525346,12.920592193808883,12.31493943472409,2.9609690444145356,31.793478260869566,80.70652173913044,62.09239130434783,65.48913043478261,100.0,94.83695652173914,78.26086956521739,74.59239130434783,17.934782608695652,353,13.832288401253917,81.41663350577,0.5571030640668524,2.109033028253084,15.161161957819338,24.24015009380863,89.58961279851611,4.869000695571528,13.51,329.9777942264989
Derby,12487,46.4,79500,5896,476,478,1337,12426,9850,2648,351,725,1945,1195,86,282,7193,1412,14,313,0,247,514,2794,6219,2337,1090,5896,3647,2249,1452,256700,6730,131,234,36,71,6595,5420,27,0,72,995,150865,12020,9250,1834,268,68,362,202,171,31,81,163,373,668,183,474,245,356,560,431,296,139,412,313,127,66,47,6451,199,203,334,189,190,29,45,102,324,727,330,320,425,319,810,84,293,212,180,586,248,87,215,2.506606871145992,57.603908064386964,11.307760070473293,0.11211660126531593,0.0,1.9780571794666455,4.116280932169456,22.375270281092334,6.206454712901417,775,4.351452801334631,100.0,19.630196023912138,38.84331989434172,10.77436396496594,10.759697408659264,30.44670050761421,7.3604060913705585,19.746192893401016,15.868020304568528,8.07327001356852,8.10719131614654,3427,55.105322399099535,323,5.193761054831966,61.855495251017636,738,1448,1148,1908,1464,2045,2047,1274,415,5.910146552414511,11.596059902298391,9.193561303755907,15.2798910867302,11.724193160887323,16.377032113397934,16.39304877072155,10.202610715143749,3.323456394650436,36.05276013678554,70.73766487542746,56.08207132388861,93.20957498778701,71.51929653150953,99.90229604298973,100.0,62.23742061553493,20.273571079628724,472,7.013372956909361,82.18347232752085,0.4094010614101592,1.0917361637604246,15.08718726307809,26.94017857142857,76.95507487520798,15.257903494176372,5.06,2467.7865612648225
Durham,7208,45.5,158857,2986,39,35,243,7169,5567,1361,74,528,1324,923,183,239,6191,2,0,57,0,28,540,390,3022,2861,35,2986,2782,204,1154,424800,4534,163,222,13,87,4398,3465,28,0,0,903,80650,6818,6653,42,175,159,188,28,82,15,77,140,111,257,291,258,321,367,276,137,231,109,230,87,216,60,33,3360,215,62,142,214,23,15,18,88,278,176,384,153,204,289,323,56,203,60,135,95,153,38,36,0.7907880133185349,85.8906770255272,0.02774694783573807,0.0,0.0,0.388457269700333,7.491675915649279,5.410654827968924,7.880133185349612,568,0.9206913261185591,100.0,0.032304958811177516,6.299466968179615,9.174608302374414,3.3895940856465336,25.776899586851087,9.484462008262978,23.78300700556853,24.160229926351715,1.3060951105157401,1.172136637642331,2896,95.83057577763071,36,1.1912640635340834,93.16811788345612,611,677,742,1108,936,1255,1161,551,167,8.476692563817979,9.392341842397336,10.294117647058822,15.37180910099889,12.985571587125417,17.41120976692564,16.10710321864595,7.644284128745838,2.316870144284129,48.68525896414342,53.94422310756972,59.123505976095615,88.28685258964143,74.58167330677291,100.0,92.50996015936255,43.90438247011952,13.306772908366534,485,10.696956329951478,78.78581173260572,0.6366530241018644,0.0,20.53206002728513,23.0758226037196,97.57993546494573,0.6160164271047228,23.66,304.6491969568893
East Granby,5238,42.4,120938,1967,83,80,169,5238,3575,639,30,221,1055,583,177,47,3914,176,0,363,0,69,399,317,2085,1790,79,1967,1721,246,1341,388000,2574,48,63,19,12,2561,2052,81,0,0,347,55860,4747,4097,157,77,245,177,48,26,0,41,42,118,187,130,127,192,116,211,19,144,125,49,98,243,41,9,2773,414,153,157,169,33,40,22,19,173,89,109,232,136,193,178,76,39,105,67,71,84,67,147,6.930126002290951,74.72317678503245,3.3600610920198553,0.0,0.0,1.3172966781214204,7.617411225658649,6.051928216876671,8.934707903780069,468,9.274399591211038,100.0,4.49667858967808,8.099131323454268,11.95707715891671,3.226422298587247,18.713286713286713,6.181818181818182,29.510489510489514,22.573426573426573,4.219623792577529,4.067107269954245,1869,89.64028776978418,118,5.6594724220623505,87.49364514489069,889,610,455,515,687,698,624,496,264,16.972126765941198,11.645666284841543,8.686521573119512,9.831996945399007,13.11569301260023,13.325696830851468,11.912943871706757,9.469263077510501,5.040091638029782,100.0,68.61642294713161,51.181102362204726,57.93025871766029,77.27784026996626,78.51518560179977,70.1912260967379,55.793025871766034,29.696287964004497,142,5.516705516705517,80.12495119094105,3.162827020695041,0.0,13.549394767668879,25.230352303523034,86.30714135243312,3.307352011796924,17.56,298.2915717539864
East Haddam,8969,50.0,107861,3663,71,216,394,8859,6965,1723,189,773,1748,663,144,96,8097,0,14,38,0,26,478,316,4380,3948,108,3663,3253,410,1242,352700,4596,145,209,128,117,4536,3629,14,0,11,833,112060,8672,8413,90,159,270,414,66,16,3,26,150,316,168,222,332,148,242,420,91,242,252,181,267,244,219,57,4464,138,210,153,129,103,26,24,117,260,270,222,276,266,354,278,214,347,161,188,285,147,170,126,0.42368156985171146,90.27762292340283,0.0,0.15609320994536738,0.0,0.2898873898985394,5.329468168134686,3.5232467387668636,5.775448767978593,518,0.4693096208472274,100.0,0.0,3.902680004940101,6.39743114733852,4.447454565978101,27.451543431442925,11.09834888729361,25.09691313711414,12.964824120603016,1.9383019383019382,5.896805896805897,4056,92.6027397260274,717,16.36986301369863,88.80698880698881,777,881,922,882,1022,1294,1676,943,572,8.66317315196789,9.822722711562047,10.27985282640205,9.833872226558144,11.394804326011819,14.427472404950384,18.686587133459696,10.513992641320103,6.377522577767867,46.36038186157518,52.56563245823389,55.011933174224346,52.62529832935561,60.978520286396176,77.20763723150358,100.0,56.26491646778044,34.12887828162291,599,13.03307223672759,80.00440917107584,0.30864197530864196,0.24250440917107582,18.3641975308642,30.261949770456386,97.01337638376384,1.0378228782287824,54.25,165.32718894009216
East Hampton,12925,43.6,124577,5248,38,230,513,12813,9370,2274,308,923,1946,1464,170,71,11331,79,0,430,0,162,220,703,5595,4548,207,5248,4486,762,1393,349000,6928,186,367,76,166,6799,5811,11,0,68,865,174930,12218,11501,241,206,367,374,346,30,95,75,172,410,365,549,379,376,681,381,157,364,269,328,302,214,68,142,6275,501,323,349,304,152,122,11,128,313,335,467,245,386,393,432,132,314,289,189,520,138,62,170,3.3268858800773695,87.66731141199227,0.6112185686653772,0.0,0.0,1.253384912959381,1.702127659574468,5.439071566731141,2.9555125725338494,382,3.7948989497837786,100.0,0.6972023651928337,6.204218515576736,3.3712823228311715,4.003746195270429,27.556029882604054,9.850586979722518,20.768409818569904,18.196371398078977,0.7240853658536586,4.382621951219512,4755,84.98659517426273,347,6.2019660411081325,85.48018292682927,1397,1555,1326,1716,1386,1887,2042,1174,442,10.808510638297872,12.030947775628627,10.259187620889747,13.276595744680849,10.72340425531915,14.599613152804642,15.798839458413926,9.083172147001935,3.41972920696325,68.41332027424095,76.15083251714006,64.93633692458374,84.03525954946132,67.87463271302644,92.40940254652301,100.0,57.492654260528894,21.645445641527914,795,11.475173210161662,85.46845124282983,0.1617884983085748,1.0001470804530077,12.722459185174289,29.47927199191102,94.1316091013259,1.9724995907677196,35.65,362.55259467040673
East Hartford,50918,38.1,70778,20351,2469,1691,6638,50442,35075,12098,1474,3179,3613,1963,240,202,15049,11247,30,1900,31,411,1836,20414,21528,11727,1154,20351,12299,8052,1225,229700,25856,459,811,113,376,25464,21280,904,33,122,2529,513805,47268,27838,14178,1904,1344,1246,1038,403,289,384,1186,2192,1863,1476,1874,1541,1787,1482,771,801,552,753,929,448,344,183,26128,1746,1154,1488,1112,575,351,392,1231,1574,1881,1590,1874,1644,1656,1941,538,1033,570,682,1092,867,422,715,3.731489846419734,29.55536352566872,22.088455948780393,0.05891826073294316,0.0608822027573746,0.8071801720413213,3.605797556856122,40.09191248674339,4.532778192387761,2308,9.30733810130303,73.71901636132067,55.09454296071324,100.0,11.305966493582838,13.159668530193095,38.69422665716322,9.063435495367072,10.300784034212402,6.856735566642907,12.13208196157437,8.309173996363816,12881,59.83370494240059,1177,5.467298402081011,60.43437668910619,6148,5862,7599,6810,6933,6866,5700,3336,1664,12.074315566204486,11.512628147217093,14.923995443654503,13.374445186378098,13.616010055383166,13.48442593974626,11.1944695392592,6.551710593503279,3.267999528653914,80.90538228714304,77.14172917489144,100.0,89.61705487564153,91.23568890643506,90.35399394657192,75.00986971969996,43.9005132254244,21.89761810764574,1759,6.803063118811881,83.56896010053408,3.550109959158027,0.6087024819352812,9.931668237511781,22.402659690429473,58.89396631970889,29.994922569179995,18.01,2827.207107162687
East Haven,27806,45.7,94628,11394,759,425,1981,27509,21066,7784,890,1302,3285,1705,311,142,19214,1140,5,873,0,51,486,6037,12069,8194,714,11394,8499,2895,1528,294200,15005,238,496,77,327,14549,12461,214,17,466,1305,318720,26635,21335,3808,475,462,586,659,228,103,103,497,704,827,889,686,1057,940,1248,433,633,344,291,688,499,257,337,14860,696,569,781,450,293,238,83,517,665,849,1034,1230,541,984,1510,480,667,348,405,811,784,410,515,3.139610156081421,69.10019420269006,4.099834568078832,0.017981730561749263,0.0,0.1834136517298425,1.7478242106020285,21.71114148025606,1.9492195928936202,542,4.543561986051837,100.0,5.933173727490373,31.419798063911735,2.8208597897366507,7.201279581227962,41.17535365043198,6.180575334662489,15.593847906579322,10.24399506313491,6.661400737230121,3.7300333508864316,8908,73.80893197448007,675,5.592841163310962,74.59189046866771,2202,2997,2910,3599,3514,4682,3601,2782,1519,7.919154139394376,10.778249298712508,10.46536718693807,12.943249658347119,12.637560238797382,16.838092498022007,12.95044235057182,10.00503488455729,5.462849744659426,47.03118325501922,64.01110636480136,62.152926099957284,76.86885946176848,75.05339598462196,100.0,76.91157624946604,59.419051687313114,32.44340025630073,1138,7.584138620459847,85.64849817856897,1.4708914702041378,3.319815794899993,8.969688638394391,24.065237088492903,80.10137037732306,14.296977660972404,12.3,2260.650406504065
East Lyme,18721,49.1,105044,8004,175,310,981,17846,14343,2801,310,1248,3908,2633,352,460,14869,526,14,1282,0,239,593,1198,9283,7088,481,8004,6048,1956,1462,412600,8716,101,194,155,269,8674,6601,39,29,20,1928,173105,18083,15887,410,298,531,445,319,200,64,93,179,363,583,312,564,509,387,817,298,440,262,375,524,477,165,224,10292,340,305,741,349,34,108,79,293,301,666,635,525,734,554,846,303,611,389,280,724,629,264,582,6.847924790342397,79.42417605897121,2.8096789701404843,0.07478233000373911,0.0,1.276641205063832,3.1675658351583786,6.3992308103199615,4.51898937022595,846,8.621965162418455,100.0,3.5375613692918155,8.057031407626605,5.689689958975049,5.4970301468116105,21.69002300773897,8.70110855469567,27.246740570313044,24.01868507285784,2.186406796601699,3.873063468265867,7569,81.53614133362059,1279,13.777873532263277,75.56221889055472,1474,2088,1480,2196,2332,2604,2958,2354,1235,7.873511030393676,11.153250360557662,7.905560600395278,11.730142620586507,12.45659954062283,13.909513380695476,15.800438010790021,12.574114630628705,6.5968698253298435,49.83096686950642,70.58823529411765,50.03380662609872,74.2393509127789,78.8370520622042,88.03245436105477,100.0,79.58079783637592,41.75118323191345,719,8.249196879302433,76.1009914687572,0.44961955268618864,0.564906617477519,22.227346091768503,25.660391343018084,87.85599734557319,2.2673228999612896,34.02,550.2939447383891
East Windsor,11213,45.9,96250,5076,279,266,798,11021,8674,2002,342,577,1987,1214,149,215,7690,745,17,487,0,57,1130,1087,5405,3131,455,5076,3550,1526,1459,277100,6316,248,167,11,104,6071,4810,9,8,17,1191,109485,10838,9463,540,105,233,355,245,51,45,0,287,500,673,313,261,484,308,203,135,425,209,285,314,73,145,138,5426,270,363,83,133,181,0,0,188,277,373,318,309,205,464,501,120,347,105,514,221,90,220,144,4.343173102648711,68.58111121020244,6.644073842860965,0.15160973869615624,0.0,0.5083385356282886,10.077588513332739,9.694105056630695,10.737536787657183,1204,6.332899869960988,100.0,9.687906371911573,14.13524057217165,15.65669700910273,7.240722257508393,27.023287987087848,6.652063638459765,22.907539774037353,18.19229882407194,5.49645390070922,5.240346729708432,3586,66.34597594819611,329,6.086956521739131,69.93695823483057,971,1048,1297,1677,1259,1476,2140,698,647,8.659591545527514,9.346294479621868,11.566931240524392,14.955854811379648,11.228038883438865,13.163292606795684,19.084990635869083,6.22491750646571,5.770088290377241,45.373831775700936,48.97196261682243,60.607476635514026,78.3644859813084,58.83177570093457,68.97196261682244,100.0,32.61682242990654,30.233644859813086,530,8.391386953768208,79.22912205567452,0.1482457585241311,0.411793773678142,19.617855378026682,22.43545081967213,87.31315740911607,4.982469090238052,26.25,427.16190476190474
Eastford,1679,48.3,97422,651,18,24,103,1673,1254,271,50,130,286,161,16,31,1550,4,0,4,0,32,21,68,754,632,30,651,547,104,1097,355500,883,7,34,21,33,868,703,4,0,23,127,26050,1616,1533,35,15,72,22,33,61,19,9,27,14,37,76,70,51,52,75,16,34,29,31,54,17,28,20,817,48,55,29,13,12,3,0,7,21,18,58,77,42,53,68,27,37,26,63,90,35,33,2,0.23823704586063135,92.31685527099464,0.23823704586063135,0.0,0.0,1.9058963668850508,1.2507444907683145,4.050029779630733,3.1566408576533656,53,0.2580645161290323,100.0,0.2580645161290323,4.387096774193549,3.4193548387096784,6.1566049013747755,25.598086124401913,10.36682615629984,22.807017543859647,16.586921850079744,2.7649769585253456,3.686635944700461,662,87.79840848806366,103,13.660477453580903,84.02457757296466,190,170,100,189,240,248,263,196,83,11.316259678379987,10.125074449076832,5.955926146515783,11.25670041691483,14.29422275163788,14.770696843359143,15.66408576533651,11.673615247170934,4.9434187016081,72.24334600760456,64.63878326996198,38.02281368821293,71.86311787072243,91.25475285171103,94.29657794676805,100.0,74.52471482889734,31.55893536121673,95,10.758776896942242,80.99078341013825,0.4608294930875576,2.6497695852534564,14.631336405529954,35.15519568151147,94.86386138613861,2.1658415841584158,28.92,58.0567081604426
Easton,7670,45.0,222604,2539,19,16,528,7661,5191,522,7,336,1895,1277,508,113,6524,124,0,316,0,133,263,310,2606,2534,0,2539,2236,303,3205,783100,3947,253,376,47,124,3883,2838,147,19,0,827,100515,7259,6415,166,268,244,311,275,107,66,81,54,215,108,150,247,235,259,375,224,165,124,170,121,131,54,114,3572,143,240,247,218,24,0,0,201,122,117,192,207,255,325,380,53,284,118,115,84,64,71,112,4.119947848761408,85.05867014341591,1.6166883963494132,0.0,0.0,1.7340286831812255,3.4289439374185138,4.041720990873533,5.1629726205997395,396,4.843654199877375,100.0,1.9006744328632739,4.751686082158185,6.069895769466585,6.892050646129748,10.190714698516663,6.47274128298979,36.50549027162396,36.563282604507805,0.7483261126427727,0.6301693580149665,2534,97.23714504988487,67,2.5709900230237914,88.06616778259158,895,1182,739,567,944,1339,1253,400,351,11.66883963494133,15.410691003911342,9.634941329856584,7.392438070404173,12.307692307692308,17.457627118644066,16.336375488917863,5.215123859191656,4.576271186440678,66.84092606422703,88.27483196415236,55.190440627333835,42.34503360716953,70.50037341299478,100.0,93.57729648991786,29.873039581777444,26.21359223300971,800,20.268558398783888,73.08781869688386,3.7857326809168166,0.48931238732938453,21.297965490600053,32.89103403141361,88.37305413968866,2.2868163658906187,27.42,279.7228300510576
Ellington,16455,40.9,129913,6321,164,234,394,16384,11327,1855,214,1375,3382,2074,250,119,13316,633,12,1079,0,91,709,615,6667,4757,299,6321,4566,1755,1737,366900,8772,324,243,39,171,8541,6817,104,0,34,1568,217265,15517,14088,312,518,444,704,333,118,66,210,472,416,475,580,427,493,418,697,249,272,202,194,363,302,101,180,8221,420,542,729,260,70,74,29,139,561,370,525,509,457,434,740,260,353,82,369,431,341,347,179,6.5572774232755995,80.92373138863567,3.8468550592525066,0.07292616226071104,0.0,0.5530233971437254,4.308720753570343,3.7374658158614404,4.934670312974779,812,8.103033944127365,100.0,4.753679783718835,4.6185040552718535,6.097927305497146,2.40478515625,18.266089873752982,12.139136576322063,29.857861746269975,21.56793502251258,2.5945261825660495,3.7019458946369244,5056,75.83620818959052,346,5.1897405129743515,72.23540579022306,1924,2214,1967,1950,1886,2289,1981,1437,807,11.692494682467334,13.454876937101185,11.953813430568216,11.850501367365544,11.461561835308418,13.910665451230628,12.038893953205712,8.732907930720145,4.904284412032816,84.05417212756662,96.72346002621232,85.93272171253822,85.19003931847968,82.39405854084754,100.0,86.54434250764525,62.77850589777195,35.255570117955436,777,8.857729138166896,79.81500995199625,1.21765601217656,0.3980798501346447,18.358506029738905,31.158038147138964,90.79074563382096,2.010697944190243,34.06,483.11802701115676
Enfield,41090,40.7,90404,16616,1002,648,3252,39222,29974,8266,1139,3401,5782,2853,649,242,30961,1921,32,940,13,107,2499,4617,17178,11701,1302,16616,12581,4035,1574,252900,20998,229,356,223,400,20655,17349,85,13,122,3004,414440,38565,34806,1867,1594,961,1244,609,228,309,183,1147,1431,1631,1826,1466,1067,1665,1342,479,905,443,716,748,643,373,266,19814,931,888,842,686,377,124,279,714,1194,1460,1486,1112,1167,1295,1519,713,837,535,639,994,795,676,551,2.2876612314431735,75.34923339011925,4.675103431491847,0.07787782915551228,0.03163786809442687,0.26040399123874425,6.081771720613288,11.236310537843758,6.451691409101971,2651,3.036077646070863,100.0,6.204579955427795,14.912309033945933,8.562384935887083,8.291265106317883,31.377193567758727,11.346500300260226,19.290051377860813,12.490825381997732,6.030332209918151,3.8998555609051513,13003,75.69565723599953,562,3.271626499010362,75.71617717862301,4374,3986,5381,6403,4812,5821,5267,3180,1866,10.644925772694085,9.7006570941835,13.095643708931615,15.582866877585788,11.71087855926016,14.166463859819908,12.818203942565102,7.739109272329034,4.541250912630811,68.31172887708887,62.25206934249571,84.03873184444791,100.0,75.15227237232547,90.91051069811026,82.25831641418085,49.66421989692332,29.142589411213493,1208,5.752928850366701,83.99419026870008,0.411522633744856,0.6535947712418301,14.543694020818204,23.479689536003626,90.25281991443018,4.841177233242577,33.32,1233.1932773109243
Essex,6794,52.4,104395,2987,160,120,219,6742,5089,796,111,553,1652,914,133,94,6025,183,0,49,0,0,286,251,3282,2389,97,2987,2332,655,1623,552000,3605,170,175,68,268,3544,2620,33,9,143,688,78085,6458,6124,173,176,153,154,127,44,46,74,169,267,209,111,119,112,250,286,83,234,61,120,226,176,143,66,3388,160,161,99,71,19,34,0,218,91,68,236,112,113,287,321,96,297,100,96,248,179,142,240,0.7212246099499559,88.68118928466295,2.6935531351192226,0.0,0.0,0.0,4.2095967029732115,3.6944362672946722,4.2095967029732115,286,0.8132780082987552,100.0,3.037344398340248,4.16597510373444,4.746887966804978,3.248294274695936,17.822754961682058,10.866574965612106,32.46217331499312,22.420907840440165,5.356545028456646,4.017408771342485,2486,75.7464960390006,295,8.98842169408897,78.07164378975561,650,514,899,624,456,1144,1087,829,591,9.567265234030026,7.565498969679128,13.232263762143068,9.184574624668826,6.711804533411835,16.838386811892846,15.999411245216367,12.201942890785986,8.698851928171916,56.81818181818182,44.93006993006993,78.58391608391608,54.54545454545454,39.86013986013986,100.0,95.01748251748252,72.46503496503497,51.66083916083915,681,18.890429958391124,73.92776523702031,0.9311512415349887,4.288939051918736,19.41309255079007,27.340686274509803,94.82812016104057,2.6788479405388665,10.4,653.2692307692307
Fairfield,63416,40.1,172432,21561,605,612,2729,58370,40360,4356,402,1811,15716,9291,2660,1015,52841,425,0,3750,0,574,1604,4222,22537,17462,1554,21561,17964,3597,2185,780500,30134,1135,1429,697,1184,29580,17695,2291,36,715,8414,695475,59907,50341,2770,1774,1842,2364,1678,1707,411,433,1082,1087,1538,1727,1676,2126,1821,2460,1085,1314,574,760,1249,859,538,461,32850,1735,2415,1995,1446,2336,620,322,896,1034,1392,1825,1767,2118,2138,2373,746,1621,750,976,1468,1038,562,1277,5.913334174340861,83.32439762835877,0.6701778730919642,0.0,0.0,0.905134350952441,2.5293301375047306,6.6576258357512295,3.434464488457172,2178,7.096761984065404,100.0,0.8042996915274125,7.990007759126436,4.121799360345187,4.675346924790132,11.788899900891971,4.487115956392468,38.93954410307235,32.12586719524281,2.8059923009136867,2.838458327535829,19016,84.37680259129432,976,4.330656254159826,83.31710032002226,7766,11526,5885,6482,7687,8792,7826,4614,2838,12.246120852781631,18.17522391825407,9.279992430932257,10.221395231487323,12.121546612842184,13.864009082881292,12.340734199571086,7.275766368108995,4.4752113031411636,67.37810168315114,100.0,51.05847648794031,56.23807044941871,66.69269477702585,76.27971542599342,67.8986638903349,40.031233732431026,24.622592399791777,4445,14.750779850003317,59.820824881676806,7.745098039215686,2.5388776200135226,28.44489519945909,32.85812151563829,84.03191613667852,4.623833608760245,29.9,2120.936454849498
Farmington,27134,43.5,141120,11151,574,327,1126,26917,19645,2235,182,1275,6732,4206,1569,903,19347,611,17,4288,0,20,962,1889,11837,7676,1225,11151,8298,2853,1807,432700,14367,482,522,160,429,14140,10549,109,37,172,3128,262280,26036,20143,1055,501,899,917,485,421,43,48,597,621,659,884,899,764,1007,976,375,547,291,447,539,503,390,194,14127,597,670,774,554,157,79,157,590,888,767,921,942,745,1084,964,506,566,311,408,768,646,508,525,15.803051522075625,71.30168791921574,2.251787425370384,0.06265202329181101,0.0,0.07370826269624825,3.5453674356895406,6.961745411660647,3.6817277216776,999,22.163642942058203,100.0,3.158112368842715,9.763787667338606,5.163591254458056,4.183229929041126,12.303385085263425,6.490201068974294,34.26826164418427,33.993382540086536,5.14752040175769,2.9324724239978477,8901,75.19641801132043,686,5.79538734476641,74.41485068603713,2667,3308,3023,3231,3350,4031,3451,2456,1617,9.828996830544703,12.19134664995946,11.141003906537923,11.907569838578905,12.346134001621582,14.855900346428836,12.718360728237634,9.051374659099285,5.959313038991671,66.16224261969734,82.0640039692384,74.99379806499627,80.15380798809228,83.10592904986356,100.0,85.61151079136691,60.92780947655668,40.114115604068466,1593,11.087909793276259,74.60396039603961,0.770862800565771,1.4780763790664782,22.121640735502123,23.81765346894297,77.36595483177139,4.052081732985098,27.9,972.5448028673835
Franklin,2004,40.3,105000,716,52,32,171,1976,1361,443,68,112,196,175,6,2,1534,122,0,6,0,0,252,90,734,664,6,716,602,114,767,326200,938,25,29,2,25,932,845,3,0,15,63,23650,1837,1762,41,24,72,83,41,12,7,15,14,70,92,19,67,56,60,72,51,27,21,41,34,36,10,29,1051,143,50,84,49,14,0,3,32,58,55,57,54,46,59,88,22,60,36,39,31,25,12,34,0.29940119760479045,76.54690618762476,6.087824351297405,0.0,0.0,0.0,12.574850299401197,4.491017964071856,12.574850299401197,252,0.3911342894393742,100.0,7.953063885267274,5.867014341590612,16.427640156453712,8.653846153846153,37.545922116091106,8.229243203526819,14.40117560617193,13.445995591476855,7.262569832402235,4.4692737430167595,670,91.28065395095368,18,2.452316076294278,84.07821229050279,289,283,199,223,223,279,297,126,85,14.421157684630739,14.12175648702595,9.930139720558882,11.127744510978044,11.127744510978044,13.922155688622754,14.820359281437126,6.287425149700598,4.241516966067864,97.3063973063973,95.28619528619528,67.003367003367,75.08417508417509,75.08417508417509,93.93939393939394,100.0,42.42424242424242,28.619528619528616,81,8.635394456289978,90.66523605150213,0.3218884120171674,1.6094420600858368,6.7596566523605155,27.21518987341772,95.91725639629831,2.231899836690256,19.71,101.67427701674276
Glastonbury,35293,43.7,157192,14276,446,433,1331,35061,25151,2933,116,1506,8816,5788,1701,946,26333,489,33,3761,0,76,1042,3559,14606,10885,1333,14276,11884,2392,1700,445200,19041,451,688,200,395,18855,14113,44,0,154,4471,348195,33655,27538,1926,896,1173,1149,564,290,127,87,605,775,932,974,1480,1181,1121,1248,394,787,498,539,1001,496,479,473,18024,742,1172,1048,890,372,152,237,638,814,960,925,1246,1178,1078,1562,675,438,559,637,1006,765,392,538,10.656504122630551,74.61252939676423,1.3855438755560592,0.09350296092709602,0.0,0.21534015243816054,2.952426826849517,10.084152664834386,3.2612699402147736,1151,14.282459271636352,100.0,1.8569855314624235,13.515360953936126,4.370941404321574,3.7962408373976784,12.122778418353148,5.987833485746093,35.052284203411396,33.53743389924853,3.1241244045951246,3.033062482488092,12218,83.65055456661646,330,2.2593454744625494,83.24460633230598,3983,4313,3435,3791,5085,5009,4527,3268,1882,11.28552404159465,12.220553650865611,9.732808205593177,10.741506814382456,14.40795625194798,14.192616099509817,12.826906185362535,9.259626554840903,5.332502195902871,78.32841691248771,84.8180924287119,67.55162241887905,74.55260570304819,100.0,98.50540806293019,89.02654867256638,64.26745329400197,37.01081612586037,1734,9.106664565936663,74.85017236807214,0.23335985149827632,0.816759480243967,23.71254309201803,24.20710511679644,81.82439459218541,5.722775219135344,51.26,688.5095591104175
Goshen,3196,51.4,152093,1320,12,16,144,3196,2479,489,37,102,669,622,46,69,2680,0,0,147,0,0,147,222,1674,1589,22,1320,1166,154,1250,482400,1719,85,106,75,53,1714,1266,86,0,20,229,62285,3053,2638,243,56,72,81,19,18,21,28,30,132,58,92,54,105,221,60,46,37,47,76,106,139,43,15,1640,87,50,99,26,84,10,0,36,10,73,157,57,70,163,95,39,154,41,89,165,93,22,20,4.599499374217772,83.85481852315394,0.0,0.0,0.0,0.0,4.599499374217772,6.9461827284105135,4.599499374217772,147,5.485074626865672,100.0,0.0,8.28358208955224,5.485074626865672,4.505632040050062,21.218233158531667,4.114562323517547,26.986688180718033,29.72972972972973,0.9090909090909091,1.2121212121212122,1611,96.23655913978494,354,21.14695340501792,88.33333333333333,265,327,267,380,286,539,529,503,100,8.291614518147684,10.231539424280351,8.354192740926157,11.889862327909889,8.948685857321651,16.864831038798496,16.551939924906133,15.738423028785983,3.128911138923655,49.16512059369202,60.667903525046384,49.53617810760667,70.50092764378478,53.06122448979592,100.0,98.14471243042672,93.32096474953617,18.552875695732837,319,18.557300756253635,73.86231038506418,5.017502917152859,1.1668611435239207,13.36056009334889,41.94276094276094,86.40681297084835,7.959384212250245,43.63,73.25234930093971
Granby,11184,44.7,120275,4457,109,122,354,11063,8141,1426,107,659,2908,1379,441,105,10032,103,0,320,0,0,453,276,4625,3799,428,4457,4105,352,1335,367900,5677,343,299,91,129,5617,3792,87,0,13,1694,110860,10489,9498,231,387,467,134,187,44,43,0,172,321,321,371,396,239,380,434,437,315,124,294,246,217,77,81,5497,308,374,328,189,153,0,76,181,289,364,317,211,215,336,380,79,354,249,346,262,282,78,126,2.8612303290414878,89.69957081545064,0.9209585121602288,0.0,0.0,0.0,4.0504291845493565,2.467811158798283,4.0504291845493565,453,3.1897926634768736,100.0,1.026714513556619,2.7511961722488034,4.51555023923445,3.199855373768417,18.83061049011178,8.09482864512959,35.72042746591328,23.6457437661221,2.445591204846309,2.737267220103208,4227,91.3945945945946,168,3.632432432432432,92.1023109715055,1536,1035,1082,1373,1061,1530,2198,1007,362,13.733905579399142,9.254291845493562,9.674535050071531,12.276466380543633,9.486766809728184,13.680257510729612,19.653075822603718,9.003934191702433,3.236766809728183,69.88171064604187,47.08826205641492,49.22656960873522,62.465878070973616,48.27115559599636,69.60873521383076,100.0,45.814376706096446,16.469517743403095,862,15.184076096529859,67.50934662631298,1.548869503293573,0.23144027060708564,30.158447569877154,28.25898547030334,90.55200686433406,2.2023071789493756,40.71,274.7236551215917
Greenwich,63856,43.0,206130,23094,922,679,3836,63351,43336,4429,524,1622,14858,11447,3717,1412,43771,1626,50,4465,0,1271,3489,9184,25613,16326,1950,23094,16162,6932,2674,1695700,29517,2069,1280,552,1289,29171,16131,3601,19,814,8130,623475,59656,44654,5957,2118,2168,2265,1550,742,199,145,913,1008,1451,1852,2138,2011,1904,2531,1132,1226,717,969,1463,921,767,514,33152,2082,2093,2203,1920,508,186,161,1267,1066,1436,2021,2217,2054,2330,2717,1027,1243,913,1316,1434,1152,912,894,6.992295164119268,68.54641693811075,2.5463542971686293,0.07830117764971184,0.0,1.9904159358556752,5.463856176396893,14.382360310699072,7.532573289902281,4810,10.200817893125585,100.0,3.7147883301729454,20.981928674236364,10.98901098901099,6.055153036258306,11.429296658667159,3.74284659405575,34.28558242569688,38.249953848993904,3.992378972893392,2.9401576166969776,18276,71.35439034865108,2519,9.834849490493108,69.98354550965618,8461,9188,4945,6760,8420,9482,8543,4970,3087,13.25012528188424,14.388624404911049,7.743986469556502,10.586319218241043,13.185918316211476,14.849035329491356,13.378539213229768,7.7831370583813575,4.83431470809321,89.23222948744991,96.89938831470154,52.15144484286015,71.29297616536596,88.79983125922801,100.0,90.0970259438937,52.41510229909302,32.55642269563383,5190,17.58308771216587,55.29807000102842,12.344451681464468,2.855575743032464,27.870145007027524,29.631433867211634,74.85248759554781,9.985584015019445,47.72,1338.1391450125734
Griswold,11530,48.1,78719,4890,298,265,881,11529,8455,2822,546,855,1061,503,56,61,9964,25,138,250,0,0,600,553,5173,3249,407,4890,3582,1308,1177,275900,5937,30,357,35,40,5810,5023,64,0,200,523,163945,11167,10632,167,143,364,359,322,146,99,33,212,209,236,398,228,333,299,855,254,282,51,239,515,135,41,27,5750,220,268,301,154,194,27,87,146,246,339,245,389,311,585,693,223,282,319,204,222,113,51,131,2.168256721595837,86.41803989592368,0.21682567215958368,1.1968777103209018,0.0,0.0,5.203816131830009,4.796183868169991,6.400693842150911,738,2.5090325170614207,100.0,0.2509032517061421,5.549979927739863,7.406663990365316,7.641599444878134,39.834417504435244,10.112359550561797,12.548787699586045,7.332939089296274,6.0940695296523515,5.419222903885481,3656,70.67465687222115,283,5.470713319157163,73.25153374233129,995,1476,1059,1218,1261,2432,1854,985,250,8.629661751951431,12.80138768430182,9.184735472679966,10.563746747614918,10.936686903729402,21.0928013876843,16.079791847354727,8.542931483087598,2.168256721595837,40.912828947368425,60.69078947368421,43.54440789473684,50.08223684210527,51.85032894736842,100.0,76.23355263157895,40.50164473684211,10.279605263157894,462,7.781707933299646,86.45438898450946,1.1015490533562824,3.4423407917383817,9.00172117039587,31.009078872706638,95.20909823587355,1.4954777469329275,34.71,332.18092768654566
Groton,38130,36.8,88284,16374,1183,1030,3886,36499,26508,5651,945,2148,6350,3360,939,682,26640,1798,17,2504,0,126,2446,4599,18155,8641,2027,16374,8739,7635,1602,340100,17124,236,415,162,185,19228,14929,79,90,1224,2612,319880,35737,31855,1752,1459,767,994,775,692,371,239,1344,2042,1849,1120,851,620,1066,1176,719,643,455,582,600,581,622,624,17939,934,884,611,589,251,281,252,1179,1411,1341,1145,859,890,967,1151,570,670,568,683,796,814,463,630,6.567007605559927,69.86624704956726,4.715447154471545,0.044584316810910046,0.0,0.3304484657749803,6.4148964070285865,12.061369000786783,6.789929189614477,2589,9.399399399399401,100.0,6.74924924924925,17.263513513513516,9.718468468468469,10.646867037453081,24.883054172325338,8.103214124038026,23.955032443036064,18.79055379508073,7.2248686942714055,6.290460486136558,10668,58.760671991186996,1781,9.80996970531534,53.37119824111396,4044,3912,7119,5455,3220,4360,4890,2791,2339,10.60582218725413,10.25963808025177,18.67033831628639,14.306320482559665,8.444794125360607,11.434565958562812,12.824547600314713,7.319695777602937,6.134277471806976,56.805731142014324,54.95153813737884,100.0,76.6259306082315,45.23107177974435,61.24455681977806,68.68942267172355,39.20494451467903,32.85573816547268,998,5.828077551973838,77.64198044518412,0.41085916371957565,6.8337840649053465,13.58435614728521,19.25132402503611,89.1373086716848,4.902482021434368,31.11,1225.6509161041465
Guilford,22108,51.1,137816,8870,270,255,624,21976,16217,2614,127,1160,4482,2923,1260,1155,18320,358,0,984,0,221,941,1284,9839,8300,333,8870,7420,1450,1717,515800,10658,422,351,175,418,10590,7940,73,48,189,2293,214785,21240,18613,686,527,677,699,566,259,110,89,402,229,381,507,557,591,946,1051,201,515,267,602,640,636,307,350,10999,341,555,795,448,171,46,56,150,138,469,685,491,745,952,772,426,679,366,454,640,680,430,510,4.450877510403474,82.86593088474761,1.6193233218744347,0.0,0.0,0.9996381400398047,4.256377781798444,5.8078523611362405,5.256015921838249,1162,5.3711790393013095,100.0,1.9541484716157205,7.008733624454148,6.342794759825328,2.8394612304332,16.902016402540543,7.152987605599062,27.637664179564652,32.91607572300672,3.0439684329199546,2.874859075535513,8633,87.7426567740624,969,9.848561845716027,83.65276211950395,2100,2938,1220,2042,2384,3721,3510,2596,1597,9.498823955129366,13.289307038176226,5.518364392979916,9.236475483987697,10.78342681382305,16.831011398588746,15.876605753573367,11.742355708340872,7.22362945540076,56.436441816715934,78.95726955119592,32.78688524590164,54.87772104273046,64.06879871002418,100.0,94.3294813222252,69.76619188390217,42.91857027680731,1366,12.816663539125539,74.97639282341831,0.6893295561850803,2.237960339943343,21.65250236071766,25.88706761480053,87.63182674199624,3.2297551789077215,47.08,469.5836873406967
Haddam,8644,45.9,114426,3389,176,56,409,8541,6366,1396,63,756,1620,1115,167,129,7359,19,8,438,0,34,311,475,3637,3381,26,3389,2938,451,1567,379700,4630,119,195,19,70,4617,4023,24,0,0,543,125195,8413,7775,234,143,399,160,201,98,22,5,110,158,318,216,260,445,207,302,147,323,34,100,264,172,87,147,4326,88,222,386,244,117,20,14,49,202,317,266,225,401,284,261,156,67,121,201,249,143,122,171,5.067098565478945,85.13419713095789,0.2198056455344748,0.09254974548819991,0.0,0.3933364183248496,3.597871355853771,5.49514113836187,4.08375751966682,353,5.951895637994293,100.0,0.2581872537029488,6.45468134257372,4.7968473977442585,4.788666432502049,22.918630223060006,11.875589066918002,25.447690857681433,22.164624568017594,5.193272351726173,1.6524048391856005,3407,93.67610668133077,248,6.818806708825956,86.69223959870168,852,1206,580,1117,1331,1054,1149,828,527,9.856547894493291,13.951874132346138,6.709856547894494,12.922258213789911,15.39796390559926,12.193428968070338,13.292457195742713,9.578898658028692,6.096714484035169,64.01202103681443,90.60856498873028,43.57625845229151,83.92186326070623,100.0,79.1885800150263,86.32607062359129,62.20886551465063,39.59429000751315,403,8.704103671706264,87.13450292397661,0.5198180636777128,0.0,11.760883690708251,30.730240549828178,92.41649827647687,2.7814097230476644,43.94,196.72280382339554
Hamden,61045,38.7,98306,23661,1887,1502,5126,55147,41571,9828,768,2972,8908,6979,1839,2134,33415,14683,30,2431,0,241,2750,7495,25639,14285,1403,23661,14763,8898,1746,298200,32323,398,790,354,546,31823,23693,1167,85,1214,5187,579405,58452,47764,4691,1244,1524,1588,949,1320,649,693,1055,2053,2076,2482,1008,1427,1771,2150,722,1499,724,654,1330,716,434,714,32263,1349,1358,1440,905,1989,1107,868,1436,2085,1768,2060,1603,2078,1865,1922,748,1224,832,1018,1479,1062,782,1285,3.982308133344254,54.73830780571709,24.052747972806944,0.04914407404373823,0.0,0.39479072815136373,4.504873454009338,12.277827831927267,4.9488082562044395,3021,7.275175819242855,100.0,43.94134370791561,22.430046386353435,9.040849917701632,9.295156581500354,25.488922566212025,7.149214596714056,21.428399605494214,26.345288783045874,7.975148979333079,6.347998816618064,15688,61.188033854674515,1978,7.714809469948126,62.39381260301763,5475,8191,9946,8386,6116,7708,7421,4587,3215,8.968793512982225,13.417970349741996,16.29289868130068,13.737406831026291,10.018838561716766,12.626750757637808,12.156605782619378,7.514128921287575,5.26660660168728,55.047255177960984,82.35471546350291,100.0,84.3153026342248,61.49205710838528,77.49849185602253,74.61290971244722,46.11904283128896,32.32455258395335,2088,6.459796429786839,74.45244005907676,3.6671589730697924,4.0819533042139335,16.29953178518681,21.75270310857486,81.71491138027783,8.025388352836515,32.63,1870.824394728777
Hampton,1647,51.5,109167,698,7,30,94,1647,1245,343,80,159,215,91,27,39,1491,0,2,0,0,0,69,85,744,692,15,698,628,70,1285,295800,817,17,33,16,36,802,656,4,0,0,142,19150,1573,1495,39,46,50,27,82,33,2,0,31,31,30,48,48,30,83,59,47,36,43,75,34,47,15,14,736,28,62,23,6,5,3,0,4,52,40,27,65,23,28,75,49,44,51,34,66,30,18,3,0.0,90.52823315118397,0.0,0.12143290831815423,0.0,0.0,4.189435336976321,5.160898603521554,4.3108682452944755,71,0.0,100.0,0.0,5.700871898054997,4.761904761904763,5.707346690953248,33.97590361445783,12.771084337349398,17.269076305220885,12.610441767068274,1.002865329512894,4.297994269340974,707,95.02688172043011,46,6.182795698924731,89.97134670487105,186,176,123,145,166,245,379,177,50,11.293260473588344,10.686095931997572,7.468123861566485,8.80388585306618,10.078931390406801,14.87553126897389,23.011536126290224,10.746812386156648,3.0358227079538556,49.07651715039577,46.437994722955146,32.45382585751979,38.258575197889186,43.79947229551451,64.64379947229551,100.0,46.701846965699204,13.192612137203167,102,12.48470012239902,81.79551122194513,0.4987531172069825,0.0,17.70573566084788,29.015151515151516,95.0413223140496,2.479338842975207,25.09,65.64368274212833
Hartford,121127,33.1,46411,49028,15007,4921,29944,113951,76438,21275,3949,4457,8537,4450,918,924,18272,40955,102,2904,89,1019,3845,53941,56435,9358,2480,49028,12596,36432,1269,228600,53732,706,848,213,974,51891,35856,6801,257,2439,4901,1085510,114893,64688,40506,3338,3761,4495,2361,3264,1299,1113,3249,5002,5008,3750,3771,2989,3314,2959,914,1588,1013,1099,1553,843,719,506,63219,2896,3913,3989,2794,2429,1429,1321,3038,4664,4639,4553,4281,3912,3794,3488,1645,1394,1393,1591,2430,1597,967,1062,2.397483632881191,15.08499343664088,33.811619209589935,0.08420913586566166,0.07347659894160675,0.8412657788932277,3.1743541902300896,44.53259801695741,4.173305703930586,5055,5.383659924732578,33.87404757049369,75.92554828423647,100.0,9.371350178899169,26.27796157997736,32.99929354509537,5.830869462832623,11.16852874224862,8.231507888746435,30.609039732397815,10.037121644774414,11838,20.97634446708603,7407,13.124833879684594,25.691441625193768,13908,19332,21115,17950,14953,13555,10637,6423,3254,11.482163349211984,15.960107985833053,17.43211670395535,14.819156752829674,12.344894201953322,11.190733692735725,8.781691943167088,5.302698820246518,2.6864365500672847,65.86786644565474,91.55576604309732,100.0,85.01065593180203,70.81695477148946,64.19606914515748,50.37650959033863,30.41913331754677,15.410845370589628,2741,5.10124320702747,69.0986876336937,13.106319014858068,5.19550596442543,9.44479774912798,23.100872526069377,56.302820885519566,35.255411556839846,17.38,6969.332566168009
Hartland,1840,48.8,113375,793,32,22,86,1840,1427,393,50,114,389,159,5,17,1732,3,0,0,0,2,45,58,873,833,16,793,727,66,1819,350700,1017,54,46,31,26,1011,786,0,0,0,222,27560,1773,1689,50,65,35,38,65,34,3,3,44,122,38,78,25,55,60,107,36,59,32,61,36,33,11,16,784,2,31,24,34,4,4,11,16,32,52,32,22,72,42,81,62,49,34,34,65,24,21,36,0.0,94.1304347826087,0.16304347826086957,0.0,0.0,0.10869565217391304,2.4456521739130435,3.152173913043478,2.5543478260869565,47,0.0,100.0,0.17321016166281755,3.348729792147805,2.7136258660508084,4.673913043478261,31.04414856341976,7.988787666433077,27.25998598458304,12.683952347582341,4.03530895334174,2.7742749054224465,849,97.2508591065292,80,9.163802978235967,91.67717528373267,133,199,235,200,174,290,367,158,84,7.228260869565217,10.815217391304348,12.771739130434783,10.869565217391305,9.456521739130434,15.760869565217392,19.945652173913043,8.58695652173913,4.565217391304348,36.23978201634878,54.223433242506815,64.03269754768392,54.495912806539515,47.41144414168937,79.01907356948229,100.0,43.05177111716621,22.888283378746593,157,15.437561455260571,77.74480712166172,0.0,0.0,21.958456973293767,34.93029150823828,95.26226734348562,2.820078962210942,32.99,55.77447711427705
Harwinton,5575,46.1,129643,2146,113,64,266,5572,3928,974,110,514,828,605,113,36,5014,5,0,18,0,0,225,313,2273,2173,20,2146,1995,151,1504,352100,3031,103,130,45,59,2972,2436,0,0,46,400,65755,5437,5088,245,66,142,291,65,67,21,106,101,163,134,197,132,184,237,247,42,93,76,185,180,97,90,12,2647,72,81,333,67,43,41,69,82,114,118,104,137,146,277,198,61,113,61,96,182,131,58,63,0.3228699551569507,89.9372197309417,0.08968609865470852,0.0,0.0,0.0,4.0358744394618835,5.614349775784754,4.0358744394618835,225,0.3589948145193459,100.0,0.09972078181092939,6.24252094136418,4.487435181491823,4.773869346733668,27.596741344195518,13.085539714867616,21.079429735234214,19.19551934826884,5.265610438024231,2.982292637465051,2193,96.48042234931809,127,5.587329520457545,92.9636533084809,361,866,697,553,599,959,727,590,223,6.475336322869955,15.533632286995516,12.502242152466367,9.919282511210763,10.74439461883408,17.201793721973093,13.04035874439462,10.582959641255606,4.0,37.64337851929093,90.30239833159541,72.67987486965589,57.66423357664233,62.46089676746611,100.0,75.80813347236705,61.52241918665277,23.2533889468196,337,11.118442758165623,81.96500672947509,0.0,1.547779273216689,13.458950201884253,25.565707620528773,93.58101894427074,4.506161486113665,30.8,181.0064935064935
Hebron,9157,45.1,142500,3394,74,84,370,9076,6594,1056,142,642,1857,1302,242,74,8206,74,0,60,0,61,341,415,3644,3211,49,3394,3013,381,1635,385800,4949,175,161,18,166,4859,3430,77,0,0,1324,115565,8861,8431,129,158,264,480,248,94,0,50,204,176,187,274,290,346,270,517,116,249,159,177,173,190,71,30,4434,138,264,181,169,31,13,110,159,133,246,333,366,189,379,435,190,192,214,191,161,138,89,113,0.6552364311455717,89.6145025663427,0.808124931746205,0.0,0.0,0.6661570383313312,3.723927050343999,4.532051982090205,4.39008408867533,402,0.7311723129417499,100.0,0.9017791859614914,5.05727516451377,4.898854496709724,4.076685764654033,18.168031543827723,9.736123748862601,28.16196542311192,24.537458295420077,2.180318208603418,2.4749558043606363,3260,89.46212952799122,250,6.860592755214051,88.77430760164997,824,1203,845,1040,1191,1601,1488,662,303,8.99858032106585,13.137490444468714,9.227913071966801,11.357431473189909,13.006443158239597,17.483892104401004,16.249863492410178,7.229441956972808,3.308943977285137,51.46783260462211,75.14053716427233,52.77951280449719,64.95940037476578,74.39100562148657,100.0,92.9419113054341,41.349156777014365,18.925671455340414,520,10.507173166296221,70.59065651368594,1.5846882074500925,0.0,27.248405021609383,32.691654879773694,95.14727457397585,1.4558176278072452,36.9,248.15718157181573
Kent,3056,55.8,96064,1344,91,41,270,2986,2540,486,54,155,680,647,32,50,2774,0,0,62,0,0,147,73,1760,1326,156,1344,953,391,688,470900,1412,43,82,26,66,1388,834,24,40,150,298,22250,2958,2752,50,46,30,67,80,53,4,0,49,110,30,106,22,148,67,145,63,110,20,136,81,56,47,93,1493,52,50,48,0,20,17,0,0,20,138,53,48,105,116,84,33,206,27,51,141,101,135,48,2.0287958115183247,90.77225130890052,0.0,0.0,0.0,0.0,4.810209424083769,2.3887434554973823,4.810209424083769,147,2.235039653929344,100.0,0.0,2.6315789473684212,5.299206921413122,9.042196918955124,21.25984251968504,6.102362204724409,26.77165354330709,28.7007874015748,6.770833333333333,3.050595238095238,1482,84.20454545454545,416,23.636363636363637,70.90773809523809,178,268,200,327,323,412,646,379,323,5.824607329842932,8.769633507853403,6.544502617801047,10.700261780104713,10.569371727748692,13.481675392670155,21.138743455497384,12.401832460732983,10.569371727748692,27.55417956656347,41.48606811145511,30.959752321981426,50.61919504643962,50.0,63.77708978328174,100.0,58.6687306501548,50.0,217,15.36827195467422,60.086455331412104,1.729106628242075,13.688760806916425,21.469740634005763,20.412844036697248,93.03583502366463,1.6903313049357673,48.58,62.90654590366406
Killingly,17867,39.5,84350,7300,408,361,2023,17681,13349,3908,718,1439,1874,1029,45,104,15302,460,0,146,13,169,806,971,7678,5086,339,7300,5229,2071,1044,288600,8801,85,149,62,125,8654,7497,32,0,71,964,214490,16947,15639,312,535,444,565,290,131,153,48,122,604,739,802,698,365,567,392,190,406,326,202,565,232,154,104,9233,385,635,515,160,127,33,56,319,660,773,900,610,470,425,497,298,428,233,332,481,193,390,313,0.8171489337885487,85.64392455364639,2.5745788324844683,0.0,0.07275983657021325,0.9458778754127721,4.5111098673532215,5.434600100744389,5.529747579336207,988,0.9541236439681087,100.0,3.006142987844726,6.345575741733107,6.456672330414326,11.44166053956224,34.654281219567004,10.779833695407897,14.03850475691063,8.824631058506254,5.589041095890411,4.945205479452055,5425,70.65642094295389,378,4.923157072154207,71.63013698630138,1999,1788,1995,3214,2143,1881,2415,1471,961,11.188224100296635,10.00727598365702,11.165836458275031,17.988470364358875,11.994179213074382,10.527788660659317,13.51653887054346,8.233055353444898,5.378630995690379,62.19663970130678,55.63161169881767,62.072184194150594,100.0,66.67703795892969,58.52520224019913,75.14001244555072,45.76851275668948,29.90043559427505,421,4.783547324167708,86.63045990293506,0.36977120406748326,0.8204298590247284,11.139357522532933,27.892067620286085,92.28181979111348,1.8410338112940343,48.35,369.53464322647363
Killingworth,6240,53.3,140655,2516,25,113,186,6240,4743,981,53,213,1304,1170,84,68,5474,0,0,23,0,43,531,169,2775,2558,48,2516,2434,82,-666666666,446200,2956,103,345,85,101,2879,2094,0,0,0,690,52265,5845,5742,26,240,198,68,184,32,0,49,78,81,89,127,118,246,188,427,48,275,63,119,192,138,119,39,3122,155,175,119,25,97,12,23,42,113,55,236,128,184,235,174,291,134,140,141,184,169,152,138,0.36858974358974356,87.72435897435898,0.0,0.0,0.0,0.6891025641025641,8.509615384615385,2.7083333333333335,9.198717948717949,574,0.42016806722689076,100.0,0.0,3.0873218852758497,10.485933503836318,2.980769230769231,21.800548176259753,4.490828589500316,27.49314779675311,27.872654438119334,0.9936406995230525,4.491255961844197,2606,93.9099099099099,259,9.333333333333334,96.74085850556439,768,525,398,507,676,1024,1211,683,448,12.307692307692308,8.413461538461538,6.378205128205128,8.125,10.833333333333334,16.41025641025641,19.40705128205128,10.945512820512821,7.179487179487179,63.418662262592896,43.35260115606936,32.865400495458296,41.86622625928984,55.82163501238646,84.55821635012386,100.0,56.39966969446738,36.99421965317919,634,21.44790257104195,72.73358805140674,0.0,0.0,23.966655088572423,23.876199177706717,98.23781009409753,0.44482463644140285,35.33,176.62043589017833
Lebanon,7116,46.9,109135,2834,0,73,293,7106,5448,1439,109,613,1178,842,126,37,6547,0,5,0,0,0,199,365,3091,2774,13,2834,2495,339,1630,345900,3792,210,197,39,73,3653,2884,0,0,0,750,88915,6702,6321,141,105,126,172,254,49,66,34,170,189,161,298,169,316,259,218,92,133,72,152,284,127,46,20,3604,309,62,146,61,85,0,29,0,151,143,246,242,433,198,185,124,286,71,119,309,247,158,0,0.0,92.00393479482855,0.0,0.07026419336706015,0.0,0.0,2.796514896008994,5.129286115795391,2.866779089376054,204,0.0,100.0,0.0,5.575072552314038,3.1159309607453793,4.1232761047002535,28.41409691629956,11.251835535976506,21.622613803230543,18.44713656387665,0.0,2.575864502470007,2787,90.16499514720155,257,8.314461339372372,88.03810868031051,602,767,639,848,1160,860,1049,967,224,8.459808881394041,10.778527262507026,8.979763912310288,11.916807195053401,16.301292861157954,12.085441259134345,14.741427768409219,13.589094997189433,3.147835862844295,51.89655172413793,66.12068965517241,55.08620689655173,73.10344827586206,100.0,74.13793103448276,90.43103448275862,83.36206896551724,19.310344827586206,519,13.686708860759495,78.94880919791952,0.0,0.0,20.53107035313441,30.628660006889426,94.31512981199643,2.103849597135184,54.1,131.53419593345654
Ledyard,15433,37.1,107975,5551,159,275,882,15418,10330,2265,285,1098,2201,1664,97,217,11339,613,148,190,0,160,1220,1763,5876,4861,317,5551,4591,960,1629,326200,7380,69,327,16,173,7422,6700,5,16,14,681,148845,14621,13513,787,365,557,719,364,231,47,29,157,465,535,693,479,294,772,351,186,284,145,162,347,236,260,30,7725,447,757,598,433,95,44,5,255,402,655,566,416,343,472,322,116,287,192,171,691,216,121,121,1.2311281021188363,73.47242921013412,3.9720080347307714,0.9589839953346724,0.0,1.0367394544158621,7.905138339920949,11.42357286334478,9.900861789671485,1528,1.6756327718493695,100.0,5.406120469177176,15.548108298791782,13.47561513360967,5.720586327668959,24.68538238141336,10.629235237173281,21.306873184898354,19.14811229428848,2.8643487659881104,4.954062331111511,5178,88.1211708645337,325,5.530973451327434,82.70581877139253,2126,2440,1404,2449,1532,1917,1543,1490,532,13.775675500550769,15.810276679841898,9.097388712499189,15.86859327415279,9.926780276031879,12.421434588220048,9.99805611352297,9.654636169247716,3.447158685932741,86.81094324213964,99.63250306247447,57.32952225398121,100.0,62.556145365455286,78.27684769293589,63.00530828909759,60.84115965700286,21.723152307064108,585,7.926829268292683,90.27216383724064,0.06736728644570197,0.40420371867421184,9.175424413904608,22.08055184690699,92.42185896997469,5.382668764106422,38.21,403.8995027479717
Lisbon,4211,44.5,92708,1663,41,89,276,4210,2947,998,306,339,268,272,12,13,3891,29,38,4,0,0,174,75,1686,1527,11,1663,1628,35,-666666666,315700,1970,0,57,0,23,1965,1687,0,0,107,163,57065,3977,3845,33,126,196,60,62,54,0,70,106,75,156,162,66,131,110,197,68,105,55,75,144,63,41,0,2089,108,245,85,50,42,1,28,31,60,69,148,115,130,60,253,62,82,66,96,131,68,104,55,0.0949893137022085,92.40085490382332,0.6886725243410117,0.9023984801709808,0.0,0.0,4.13203514604607,1.7810496319164093,5.034433626217051,212,0.10280133641737343,100.0,0.7453096890259574,1.9275250578257515,5.448470830120792,6.55581947743468,44.24838819138107,11.50322361723787,9.093993892093655,10.07804546996946,2.4654239326518343,5.3517739025856885,1538,91.22182680901541,23,1.3641755634638197,97.8953698135899,675,353,371,535,442,620,609,406,200,16.029446687247685,8.3828069342199,8.810258845879838,12.704820707670386,10.49631916409404,14.723343623842316,14.462123011161243,9.641415340774163,4.749465685110425,100.0,52.2962962962963,54.962962962962955,79.25925925925927,65.48148148148148,91.85185185185185,90.22222222222223,60.14814814814815,29.629629629629626,80,4.060913705583756,85.85241730279898,0.0,5.44529262086514,8.295165394402035,31.667591564927857,96.68091526276088,0.8297711843097813,16.29,258.50214855739716
Litchfield,8260,52.0,102609,3566,94,210,404,8179,6446,1483,92,693,1706,951,149,79,7019,67,0,226,0,112,464,372,4230,3472,218,3566,2877,689,1076,391900,4161,178,327,76,168,4112,2835,26,7,247,935,79840,7950,7332,111,123,181,252,100,73,110,23,73,224,228,142,249,178,245,330,137,298,89,223,327,204,123,164,4164,187,202,192,39,41,14,29,175,247,176,129,315,219,364,328,191,189,144,210,232,238,191,112,2.736077481840194,84.97578692493947,0.8111380145278451,0.0,0.0,1.3559322033898304,5.6174334140435835,4.50363196125908,6.973365617433414,576,3.2198318848838863,100.0,0.9545519304744265,5.299900270693831,8.206297193332384,4.939479153930798,24.433757368910953,10.750853242320819,26.466025442134654,18.29041265901334,2.6360067302299495,5.888951205832866,3690,87.2340425531915,664,15.69739952718676,80.67863151991025,693,697,895,675,961,1267,1481,1001,590,8.389830508474576,8.438256658595641,10.835351089588379,8.171912832929783,11.634382566585955,15.338983050847457,17.929782082324454,12.11864406779661,7.142857142857142,46.79270762997974,47.06279540850776,60.43214044564483,45.57731262660364,64.8885887913572,85.55030384875084,100.0,67.5894665766374,39.83794733288319,749,18.000480653689017,68.94455252918289,0.632295719844358,6.1770428015564205,22.738326848249027,25.1306263770853,92.22641509433961,1.3962264150943398,56.1,147.23707664884134
Lyme,2303,55.6,135000,998,5,7,67,2303,1851,207,24,130,599,339,130,108,2094,0,0,36,0,30,115,28,1197,1180,5,998,906,92,1719,629900,1223,106,125,54,82,1227,789,37,0,58,339,27415,2226,2156,8,15,24,55,45,19,6,9,116,32,33,65,85,43,60,96,53,38,27,63,147,49,72,30,1121,62,23,41,37,0,0,0,0,89,56,18,93,29,69,93,39,154,72,66,77,63,12,28,1.5631784628745113,90.92488059053409,0.0,0.0,0.0,1.3026487190620928,4.993486756404689,1.21580547112462,6.296135475466782,145,1.7191977077363894,100.0,0.0,1.3371537726838585,6.9245463228271245,2.909248805905341,12.479740680713128,7.023230686115613,32.36088600756348,31.17233927606699,0.501002004008016,0.7014028056112225,1185,98.99749373433583,199,16.62489557226399,90.78156312625251,124,197,252,172,250,318,512,336,142,5.384281372123318,8.554059921841077,10.94224924012158,7.468519322622666,10.855405992184107,13.808076422058186,22.231871471993053,14.58966565349544,6.165870603560573,24.21875,38.4765625,49.21875,33.59375,48.828125,62.109375,100.0,65.625,27.734375,367,30.00817661488144,64.30317848410758,3.015484922575387,4.726976365118174,27.628361858190708,30.87274774774775,96.85534591194968,0.3593890386343217,31.8,72.42138364779873
Madison,17616,51.9,167442,7006,145,146,632,17458,13302,1463,220,634,5016,3044,845,726,14886,141,52,895,0,133,748,761,7949,7275,263,7006,6333,673,2025,583900,8751,565,393,273,367,8721,5684,161,22,130,2635,181510,17059,15607,334,290,553,510,315,238,15,63,403,332,253,374,497,527,640,852,354,450,283,548,629,375,169,259,8687,267,404,589,258,88,9,69,243,117,422,444,480,512,791,893,353,572,238,475,653,271,268,271,5.080608537693006,84.50272479564033,0.8004087193460491,0.29518619436875565,0.0,0.7549954586739327,4.24613987284287,4.319936421435059,5.296321525885559,933,6.01236060728201,100.0,0.9471987101975009,5.112185946526937,6.267634018540911,3.6201168518730666,12.652232746955344,4.766200571342655,37.708615245827694,34.69403097278605,2.0696545817870398,2.083928061661433,7538,94.82953830670525,943,11.86312743741351,90.39394804453326,1514,1998,1251,1493,2016,3176,3273,1928,967,8.594459582198002,11.341961852861035,7.10149863760218,8.475249772933696,11.444141689373296,18.029064486830155,18.579700272479563,10.94459582198002,5.489327883742052,46.25725633974946,61.044912923923015,38.221814848762605,45.61564314084937,61.5948670944088,97.036358081271,100.0,58.906202260922704,29.54476015887565,1598,18.26077019769169,65.17601192523793,1.8461185643848181,1.7429193899782136,30.214424951267056,29.824186657903386,91.48836391347676,1.957910780233308,36.15,487.3029045643154
Manchester,59635,37.0,86840,25417,1816,1154,6356,59014,42621,9566,1649,4417,9877,6035,916,421,31705,8574,5,6821,0,644,2325,9561,26724,12574,2043,25417,14451,10966,1519,247100,32414,424,745,388,489,31680,25250,967,91,560,4537,612430,56064,42836,5341,2046,1797,1598,1181,759,473,290,1607,2799,2902,2329,1585,1516,1929,2011,592,972,713,874,1185,489,385,394,29209,1525,1239,1597,955,386,358,255,948,2795,2286,2299,1638,2038,1776,2013,803,1121,684,1097,1392,751,531,722,11.43791397669154,53.1650876163327,14.3774628993041,0.008384338056510439,0.0,1.0799027416785445,3.8987171962773544,16.03253123165926,4.987004276012409,2974,21.513956789149972,100.0,27.043053146191447,30.156126793881082,9.380223939441727,10.770325685430576,26.313319725018186,10.363435864949205,23.17402219563126,17.296637807653504,7.144824330172719,4.540268324349844,14617,54.69615327046849,1307,4.890734919922168,56.85564779478302,6607,6476,9525,9816,6777,7729,6856,3817,2032,11.079064307872894,10.85939465079232,15.972163997652386,16.460132472541293,11.36413180179425,12.960509767753836,11.496604343087114,6.400603672340069,3.4073949861658424,67.30847595762022,65.97392013039935,97.0354523227384,100.0,69.04034229828851,78.73879380603097,69.84515077424614,38.885493072534636,20.700896495517522,2046,6.312087369655087,79.70328282828282,3.0523989898989896,2.0549242424242427,14.321338383838384,22.563091773201194,76.40553652968036,9.526612442922374,27.4,2176.4598540145985
Mansfield,25358,21.2,72393,6310,652,396,3104,14398,8642,1531,244,340,2134,1688,353,832,17126,1709,7,3309,0,163,904,2140,6960,3478,615,6310,3617,2693,1602,335400,11510,121,299,203,249,10725,5843,389,85,1241,3038,159095,24868,19961,1382,227,289,276,235,2928,1527,1237,995,332,432,441,407,231,168,427,206,282,244,309,408,244,75,51,13387,263,384,379,272,3682,1728,1509,785,373,345,447,287,274,283,478,96,344,192,322,366,179,213,186,13.04913636722139,67.53687199305939,6.739490496095907,0.02760470068617399,0.0,0.6427951731209086,3.564949917185898,8.439151352630333,4.235349790992981,1074,19.321499474483243,100.0,9.978979329674178,12.495620693682119,6.271166647203083,21.558549798583137,20.539227030779912,3.934274473501504,24.693358018977086,33.24461930108772,10.332805071315372,6.275752773375594,4093,58.80747126436782,650,9.339080459770114,57.32171156893819,1163,7772,8486,1665,1199,1356,1995,1197,525,4.586323842574336,30.649104818992036,33.46478428898178,6.565975234639956,4.728290874674658,5.347424875778847,7.867339695559587,4.720403817335752,2.070352551463049,13.704925760075417,91.58614188074475,100.0,19.620551496582607,14.129153900542068,15.979259957577185,23.50930945086024,14.105585670516144,6.186660381805327,872,7.576020851433536,54.480186480186475,3.6270396270396272,12.363636363636363,28.326340326340326,20.696630675165864,80.26781405822744,5.557342769824674,44.64,568.0555555555555
Marlborough,6130,41.8,142105,2184,50,36,582,6026,4378,947,13,334,1082,739,144,43,5015,114,0,307,0,14,65,615,2253,2023,123,2184,2023,161,1333,379100,3332,20,205,89,29,3280,2092,0,24,21,1089,74610,5838,5076,503,161,147,235,266,0,66,25,69,51,175,255,201,185,223,293,105,100,53,27,177,100,75,52,3089,131,295,152,61,15,0,0,129,134,149,312,194,276,324,309,18,77,55,14,124,114,69,137,5.00815660685155,81.81076672104405,1.8597063621533443,0.0,0.0,0.22838499184339314,1.0603588907014683,10.0326264274062,1.2887438825448614,79,6.121635094715852,100.0,2.2731804586241275,12.26321036889332,1.5752741774675973,9.65814802522403,21.927820922795796,7.629054362722705,24.7144814984011,21.15121059844678,2.2893772893772892,1.6483516483516485,2146,95.25077674212162,69,3.062583222370173,92.62820512820514,734,729,474,891,856,1149,449,515,333,11.97389885807504,11.892332789559543,7.732463295269168,14.535073409461663,13.964110929853183,18.743882544861336,7.3246329526916805,8.401305057096248,5.432300163132138,63.881636205396,63.44647519582245,41.253263707571804,77.54569190600522,74.49956483899042,100.0,39.07745865970409,44.82158398607485,28.98172323759791,343,10.294117647058822,63.78048780487805,0.0,1.3719512195121952,33.201219512195124,34.05294386125057,86.9475847893114,8.615964371360056,23.35,262.5267665952891
Meriden,60545,38.9,71253,24631,2491,1728,7893,59798,42279,12841,1879,3587,5878,2729,583,186,28845,4517,66,1477,0,149,2274,23217,26585,12910,1592,24631,14807,9824,1294,241200,29168,287,646,250,494,28451,24324,538,48,630,2437,598405,56728,38633,15582,2160,1787,1792,1226,814,241,379,1235,1964,2055,2104,1696,1196,1864,1667,910,1974,631,657,1217,866,343,297,31470,1657,1819,1566,1252,507,440,165,1226,2241,2215,2254,1617,2172,1714,2081,1286,1487,624,1253,1419,949,546,980,2.4395078041126435,47.64224956643819,7.460566520769675,0.10900982740110661,0.0,0.24609794367825583,3.755884053183582,38.34668428441655,4.110991824262944,2489,5.120471485526087,100.0,15.65955971572196,80.4888195527821,8.628878488472871,13.199438108297937,34.81633908086757,8.48411741053478,13.902883228080135,8.273611012559428,10.113271893142787,7.0155495107791,14502,54.54955802144066,1954,7.350009403799135,60.115301855385496,7423,7157,7891,8628,6681,7326,8822,4451,2166,12.26030225452143,11.82095961681394,13.033281030638369,14.250557436617392,11.034767528284748,12.100090841522833,14.570980262614583,7.351556693368569,3.5775043356181353,84.14191793244163,81.12672863296305,89.44683745182498,97.80095216504195,75.73112672863296,83.0423940149626,100.0,50.453411924733615,24.55225572432555,1677,5.749451453647833,85.49435872201329,1.8909704404063126,2.383044532705353,8.565604020948298,23.00319058968248,68.10217176702864,27.467917077986183,23.73,2551.411715128529
Middlebury,7807,44.4,133487,2969,76,105,452,7757,5495,563,105,635,1645,965,214,104,6602,37,0,572,0,52,324,220,3149,2570,270,2969,2608,361,398,476400,3804,181,122,57,76,3777,2996,8,29,63,576,80890,7389,6262,108,141,280,138,123,29,34,15,151,157,213,226,180,280,170,260,157,165,49,161,185,146,88,95,4364,277,236,335,187,69,44,0,253,175,193,203,325,226,211,279,133,171,92,274,267,214,97,103,7.326758037658511,84.56513385423338,0.47393364928909953,0.0,0.0,0.6660689125144101,4.15012168566671,2.817983860637889,4.8161905981811195,376,8.664041199636472,100.0,0.5604362314450166,3.3323235383217207,5.695243865495304,5.826994972283099,12.156505914467699,11.555959963603275,29.936305732484076,23.348498635122837,2.5597844392051194,3.5365442910070732,2840,90.1873610670054,180,5.7161003493172435,87.84102391377569,934,881,829,835,1011,920,1202,812,383,11.963622390162675,11.28474446009991,10.6186755475855,10.695529652875624,12.949916741385936,11.784296144485717,15.396439093121558,10.400922249263482,4.905853721019597,77.70382695507487,73.29450915141432,68.96838602329451,69.4675540765391,84.10981697171381,76.53910149750416,100.0,67.55407653910149,31.863560732113143,436,11.461619348054679,79.32221339687582,0.21180831347630394,2.4357956049774954,15.250198570293886,25.27022805373321,84.74759778048451,1.46163215590743,17.76,439.5833333333333
Middlefield,4243,51.6,99837,1839,52,220,343,4243,3353,1089,67,203,721,525,110,34,3694,40,0,261,0,16,97,135,2078,1904,74,1839,1590,249,3501,376000,2225,76,123,94,9,2207,1917,32,8,0,241,48720,4157,3863,46,71,45,118,49,30,31,9,69,162,111,156,51,135,243,144,90,122,77,103,108,135,19,28,2137,15,120,95,76,73,34,22,33,69,60,93,88,113,242,167,119,107,92,257,54,80,64,64,6.151308036766439,87.06104171576715,0.9427292010370021,0.0,0.0,0.37709168041480084,2.28611831251473,3.181711053499882,2.663209992929531,113,7.065511640498105,100.0,1.0828370330265296,3.6545749864645365,3.0590146182999463,8.083902898892294,34.47658813003281,6.05427974947808,21.50313152400835,19.952281538920367,2.8276237085372484,11.963023382272976,1978,95.18768046198267,239,11.501443695861404,86.4600326264274,251,441,429,420,387,796,967,377,175,5.915625736507189,10.39358944143295,10.110770681121847,9.898656610888521,9.120905020032996,18.760311100636343,22.790478435069524,8.885222719773743,4.124440254536884,25.95656670113754,45.60496380558428,44.36401240951396,43.43329886246122,40.02068252326784,82.31644260599793,100.0,38.986556359875905,18.09720785935884,302,13.573033707865168,86.85999093792478,1.449932034435886,0.3624830086089715,10.919800634345265,24.781281790437436,92.92759201347125,1.106567235987491,12.65,335.4150197628458
Middletown,47958,38.1,79438,20390,2172,1340,5169,42980,33704,8017,1145,2953,7736,4193,757,849,30069,6378,22,2832,14,107,2498,6038,21644,9645,1089,20390,10785,9605,1446,295300,26045,264,671,233,382,25713,19447,357,50,1387,3617,514090,46193,38262,2874,868,959,906,624,962,635,566,1398,2137,1907,1570,1488,976,1329,1794,729,916,472,775,992,485,377,345,24748,897,1124,1013,469,1220,682,695,1236,2175,1932,1132,1788,1271,1523,1562,687,856,607,731,1096,677,585,790,5.905167021143501,62.69861128487426,13.299136744651571,0.04587347262187748,0.029192209850285665,0.22311188957004047,5.208724300429543,12.590183076858919,5.5069018724717465,2641,9.418337823007086,100.0,21.21121420732316,20.080481559080784,8.783132129435632,12.026523964634714,27.183717066223593,8.761571326845479,22.95276525041538,17.20567291716117,10.652280529671408,6.571848945561549,10734,49.59342080946221,1254,5.793753465163555,52.89357528200098,3848,5194,9524,6541,5523,6208,5773,3250,2097,8.02368739313566,10.830309854455983,19.85904332958005,13.639017473622753,11.516326785937697,12.944659910755243,12.03761624754994,6.776763000959172,4.372576004003504,40.40319193616128,54.53590928181436,100.0,68.67912641747165,57.99034019319613,65.18269634607307,60.61528769424611,34.12431751364973,22.018059638807223,1550,5.951238241505087,75.63100377241085,1.3884027534710068,5.588612763971532,14.066814451833704,23.266202027516293,82.83073192908016,6.221721905916481,41.02,1169.1370063383715
Milford,52684,46.6,110669,22527,1048,975,2643,52293,39967,8754,1104,2861,11554,6556,1453,635,42415,1557,22,1869,0,345,1557,4919,24075,16236,1695,22527,17070,5457,1882,416800,29413,780,942,307,728,28688,22428,754,6,189,5066,601155,50609,44842,1915,1019,1376,1347,874,487,353,181,1078,1401,1508,1533,1883,1385,1736,2199,805,1456,710,1046,1319,917,617,272,27182,1056,1170,1154,1060,554,138,158,712,1677,1514,1685,1443,1618,2224,2052,942,1288,669,1660,1811,934,718,945,3.547566623642852,80.50831371953534,2.9553564649608988,0.041758408625009485,0.0,0.654847771619467,2.9553564649608988,9.336800546655532,3.651962645205375,1924,4.406459978781092,100.0,3.6708711540728514,11.59731227160203,4.536131085700814,5.05421375709942,24.665348912853105,7.158405684689869,28.908849801085896,21.627842970450622,4.652195143605451,4.3281395658543085,17931,74.4797507788162,1548,6.429906542056074,75.77573578372619,4621,5476,5698,6240,6329,8211,8576,4981,2552,8.771163920734947,10.394047528661453,10.81542783387746,11.844203173639055,12.013134917622049,15.585376964543315,16.27818692582188,9.45448333459874,4.843975400501101,53.88292910447762,63.85261194029851,66.44123134328358,72.76119402985076,73.79897388059702,95.74393656716418,100.0,58.08069029850746,29.757462686567166,2757,9.37340631693469,78.17902955939766,2.628276631344116,0.6797267150027886,17.658951477969882,25.448945897891797,88.60479361378411,3.78391195241953,22.18,2375.293056807935
Monroe,18949,43.5,157250,6209,176,252,497,18846,12763,1840,202,914,3773,2886,548,108,14960,181,0,1238,0,0,789,1781,6589,5646,406,6209,5940,269,994,503200,9979,477,381,117,119,9757,7862,258,0,51,1505,281120,17557,14059,1276,587,582,632,332,278,64,94,470,443,490,572,565,615,765,927,391,238,244,608,195,281,151,57,9368,805,821,735,276,65,37,42,366,237,319,576,607,648,899,892,173,443,244,236,450,165,96,236,6.533326296902212,78.94875719035306,0.9551955248298063,0.0,0.0,0.0,4.1638081165233,9.39891287139163,4.1638081165233,789,8.275401069518717,100.0,1.209893048128342,11.905080213903743,5.274064171122995,2.637164385015388,15.999373188121915,7.16132570712215,29.562015200188043,27.75209590221735,2.8345949428249315,4.058624577226606,6052,91.85005311883442,380,5.767187737137654,95.66757932034145,2795,2318,1753,1957,2435,3483,2577,1091,540,14.750118739775186,12.232835505831442,9.251147817826798,10.32772177951343,12.850282336798777,18.38091719879677,13.599662251306139,5.757559765686843,2.8497546044646156,80.24691358024691,66.55182314097043,50.33017513637669,56.187194946884865,69.91099626758542,100.0,73.9879414298019,31.323571633649156,15.503875968992247,1094,10.96302234692855,80.57804653069591,2.6442554063749104,0.522701650097366,15.424823203853643,34.06689287445468,80.07632283419719,7.267756450418636,26.07,726.8507863444572
Montville,17950,42.8,96454,6406,319,271,1313,16874,13217,3858,663,1273,2053,1149,125,38,13681,737,218,793,2,92,875,1552,6722,5308,87,6406,5240,1166,1187,285600,9229,66,168,84,82,9135,8358,72,0,10,506,218300,17257,15280,951,447,281,693,223,156,260,71,514,775,810,695,544,468,926,523,311,450,124,286,328,328,125,76,8536,246,438,534,408,171,133,31,127,537,666,395,487,577,611,619,424,345,184,379,345,361,253,265,4.417827298050139,76.21727019498607,4.105849582172702,1.2144846796657383,0.011142061281337047,0.5125348189415042,4.874651810584958,8.64623955431755,6.612813370473538,1187,5.796359915210876,100.0,5.387033111614648,11.344199985381188,8.676266354798628,7.781201848998459,34.20594688658546,9.631535144132556,15.533025648785657,9.926609669365211,4.979706525132689,4.230408991570403,5395,80.25885153228207,316,4.700981850639691,81.79831408054949,1412,2185,2448,2566,2076,2679,2503,1362,719,7.866295264623956,12.172701949860725,13.637883008356546,14.29526462395543,11.565459610027855,14.924791086350975,13.944289693593316,7.587743732590529,4.005571030640668,52.70623366927958,81.56028368794325,91.37737961926092,95.7820082120194,77.49160134378499,100.0,93.43038447181785,50.83986562150056,26.838372527062337,400,4.334164048109221,91.49425287356323,0.7881773399014778,0.10946907498631638,5.539135194307608,25.298412330513386,88.54377933592166,5.510807208668946,41.96,427.78836987607247
Morris,2164,52.8,109191,957,36,17,147,2164,1687,438,50,132,402,184,84,30,2074,46,0,0,0,0,18,26,1325,1240,38,957,856,101,1204,396000,1142,48,37,14,48,1117,888,0,0,15,205,26770,2034,1977,19,104,52,113,39,17,0,0,39,7,77,52,72,61,57,46,73,83,31,31,70,59,46,28,1007,26,49,5,0,15,0,18,0,21,78,33,64,74,63,107,14,71,30,76,67,128,33,35,0.0,95.84103512014788,2.1256931608133085,0.0,0.0,0.0,0.8317929759704251,1.2014787430683918,0.8317929759704251,18,0.0,100.0,2.2179363548698166,1.2536162005785918,0.8678881388621021,6.792975970425139,28.927089508002375,7.824540604623592,23.829282750444577,17.664493183165384,3.761755485893417,1.7763845350052248,1278,96.45283018867926,368,27.773584905660375,89.44618599791013,231,189,85,240,271,273,409,324,142,10.67467652495379,8.733826247689464,3.9279112754158962,11.090573012939002,12.523105360443623,12.615526802218113,18.90018484288355,14.972273567467653,6.561922365988909,56.47921760391198,46.21026894865526,20.78239608801956,58.679706601467,66.25916870415648,66.74816625916871,100.0,79.21760391198043,34.71882640586797,147,12.87215411558669,79.49865711727843,0.0,1.342882721575649,18.352730528200535,29.353070175438596,97.1976401179941,0.9341199606686332,17.36,124.65437788018434
Naugatuck,31800,39.8,96324,12736,1017,617,1993,31490,22383,5930,873,1988,3697,3012,351,139,19149,3732,10,1166,0,157,2060,5526,13245,7426,1190,12736,8633,4103,1369,259100,17864,713,887,136,462,17557,14082,446,17,56,2638,496710,30492,23620,3125,598,937,812,1007,264,235,181,863,1186,851,1169,1240,937,729,1058,347,733,396,578,393,388,319,221,16358,710,830,782,662,337,418,186,595,1150,1025,1170,1371,1006,957,1210,455,822,246,517,742,653,221,293,3.6666666666666665,60.216981132075475,11.735849056603774,0.031446540880503145,0.0,0.4937106918238994,6.477987421383648,17.37735849056604,7.00314465408805,2227,6.089090814141731,100.0,19.489268369105435,28.857903806987313,11.629850122721813,6.328993331216259,30.3936022874503,8.88174060671045,16.5169995085556,15.645802618058347,7.985238693467337,4.844535175879397,8616,65.05096262740658,509,3.8429596073990187,67.78423366834171,3075,3864,4814,4215,4554,3954,4094,2176,1054,9.669811320754718,12.150943396226415,15.138364779874214,13.254716981132075,14.320754716981131,12.433962264150944,12.874213836477988,6.842767295597484,3.3144654088050314,63.87619443290403,80.26589115081015,100.0,87.55712505193186,94.59908599916909,82.1354383049439,85.04362276692979,45.201495637723305,21.894474449522228,2198,12.304075235109718,80.20732471378938,2.5402973173093355,0.41578857435780603,15.02534601583414,33.29378644681279,77.46294109930474,10.24858979404434,16.3,1950.920245398773
New Britain,74223,34.3,58613,28974,4425,2768,12872,71210,48234,15005,2657,4044,5626,2898,510,428,29922,7640,64,1759,10,233,3561,31034,32065,10343,1595,28974,13054,15920,1253,223600,36347,482,1480,303,933,35303,29588,1230,42,774,2840,697165,69546,36752,20957,2102,2135,2406,1320,1193,594,818,1971,2835,2668,2413,2231,2099,2044,2172,627,1376,868,786,1341,885,456,445,38438,2575,2233,2399,1145,1554,617,949,1978,3006,3322,2380,2289,2015,1875,2083,997,998,879,1284,1449,937,780,694,2.3698853455128464,40.31364940786549,10.293305309674897,0.08622664133759077,0.013472912708998558,0.3139188661196664,4.797704215674386,41.811837301106124,5.211322635840642,3868,5.667977057420893,96.41683315073792,24.61816072694464,100.0,12.46374943610234,18.076112905490803,36.61732387942116,8.384127379027243,11.663971472405358,7.95289629721773,15.272313108303997,9.55339269690067,11938,37.23062529237487,3091,9.639794168096055,45.05418651204528,9045,10017,12768,10783,8634,8174,7815,4612,2375,12.186249545289197,13.495816660603857,17.20221494684936,14.527841774113146,11.632512832949356,11.012758848335421,10.529081282082373,6.213707341390135,3.1998167683871577,70.84116541353383,78.45394736842105,100.0,84.45332080200501,67.62218045112782,64.01942355889724,61.20770676691729,36.12155388471178,18.601190476190478,3198,8.79852532533634,83.81157408718806,3.4841231623374784,2.311418293062913,8.044642098405234,21.475680004928687,52.845598596612305,30.134012020820748,13.4,5539.0298507462685
New Canaan,20870,42.1,250001,7153,220,93,763,20802,13574,674,59,409,5821,4190,937,255,16875,363,0,1127,0,149,1048,1308,7747,5662,864,7153,5984,1169,3401,1611900,9324,414,368,206,287,9170,4513,1159,1,224,3217,226310,19705,16375,670,669,810,743,413,469,65,0,321,243,369,712,552,734,725,800,281,498,120,337,316,329,141,170,11053,496,813,1011,592,291,55,264,284,312,350,843,680,761,685,1100,438,265,121,218,435,449,140,450,5.400095831336847,80.85769046478198,1.7393387637757547,0.0,0.0,0.7139434595112601,5.0215620507906085,6.267369429803546,5.735505510301868,1197,6.678518518518518,100.0,2.151111111111111,7.751111111111111,7.093333333333334,3.667916546485915,5.400029468100781,3.0131133048475025,42.88345366141152,39.64932960070723,3.075632601705578,1.3001537816300852,6526,84.23906028139925,594,7.667484187427391,83.65720676639172,2788,3519,1544,2274,2727,3310,2278,1529,901,13.358888356492574,16.86152371825587,7.398179204599904,10.896022999520843,13.066602779108768,15.860086248203162,10.915189266890273,7.326305701964543,4.317201724964064,79.22705314009661,100.0,43.87610116510372,64.62063086104007,77.49360613810742,94.06081273088945,64.73429951690821,43.44984370559818,25.60386473429952,1275,13.674388674388673,49.214830970556164,12.639040348964011,2.4536532170119956,35.08178844056707,38.01612632286242,83.1007358538442,3.400152245622938,22.19,940.5137449301486
New Fairfield,13584,42.9,137647,4562,26,63,483,13506,8745,1786,113,635,2262,1611,256,93,9767,837,9,173,0,164,759,1875,5107,4948,117,4562,4183,379,1896,484800,6523,171,281,184,219,6227,4845,114,0,122,1120,216235,12610,10623,1342,395,446,499,181,177,87,157,293,270,232,271,499,397,482,500,311,257,139,291,258,277,191,61,6913,579,416,543,356,158,79,132,341,98,281,216,445,381,498,409,180,282,201,329,359,184,326,120,1.2735571260306242,71.900765606596,6.161660777385159,0.06625441696113074,0.0,1.2073027090694937,5.587455830388692,13.803003533568905,6.861012956419317,932,1.771270605098802,100.0,8.56967338998669,19.1972970205795,9.542336439029384,3.5761883607285654,21.71526586620926,7.261292166952544,25.86620926243568,22.412807318467696,0.5699254712845244,1.3809732573432705,5065,99.17759937340904,545,10.67162717838261,91.69224024550637,1836,1914,1457,1000,1722,1889,1990,1078,698,13.51590106007067,14.090106007067138,10.72585394581861,7.361601884570082,12.676678445229683,13.906065959952885,14.649587750294463,7.935806831566548,5.138398115429918,92.26130653266331,96.18090452261306,73.21608040201005,50.25125628140703,86.53266331658291,94.92462311557789,100.0,54.17085427135678,35.07537688442211,855,13.107465889927946,77.80632728440662,1.830737112574273,1.9592098924040469,17.9861891761683,42.34090464068925,84.24266455194291,10.64234734337827,20.42,665.230166503428
New Hartford,6675,50.7,109695,2688,96,86,186,6675,5135,1035,61,516,1360,669,173,20,6309,0,0,79,0,31,30,226,3066,2683,162,2688,2396,292,1321,358600,3620,65,247,44,81,3321,2820,0,0,100,401,86835,6393,5813,298,183,20,224,170,93,0,0,71,164,292,243,179,95,335,279,118,285,131,66,321,143,18,56,3189,99,266,187,68,17,73,35,34,165,113,203,139,189,145,403,118,185,92,247,153,170,53,35,1.1835205992509363,94.51685393258427,0.0,0.0,0.0,0.4644194756554307,0.44943820224719105,3.385767790262172,0.9138576779026217,61,1.252179426216516,100.0,0.0,3.5821841813282607,0.9668727215089554,2.7865168539325844,21.343719571567675,10.048685491723466,26.484907497565725,16.786757546251216,3.571428571428571,3.199404761904762,2845,92.79191128506197,378,12.32876712328767,89.13690476190477,568,759,542,851,602,1162,1242,787,162,8.50936329588015,11.370786516853933,8.119850187265918,12.749063670411987,9.0187265917603,17.40823970037453,18.60674157303371,11.790262172284645,2.4269662921348316,45.73268921095008,61.111111111111114,43.63929146537842,68.51851851851852,48.470209339774556,93.55877616747182,100.0,63.36553945249598,13.043478260869565,437,12.07182320441989,84.91418247515809,0.0,3.0111412225233365,12.07467630231858,29.738013698630137,90.92757703738464,4.661348349757547,37.04,180.21058315334773
New Haven,134349,31.9,56851,54773,14718,4037,30123,125887,85772,22057,3495,4641,15678,9934,3572,4146,40362,37144,280,7032,0,2369,5482,41680,60333,11911,3960,54773,15556,39217,1488,287100,63700,825,1273,462,1275,62102,38810,4151,787,8556,8644,1151930,126646,84717,29968,3939,3340,4559,2710,2756,1473,1199,3846,6450,5899,4545,4136,3401,3352,2928,796,1953,1222,1360,1788,1478,550,494,70175,3764,4012,3545,2774,3491,1833,1484,3852,7378,5943,4759,4297,3741,3920,3522,1077,1835,1250,1505,2472,1778,722,1221,5.234129022173593,30.042650112766005,27.647395961265065,0.20841241840281652,0.0,1.7633179257009728,4.080417420300858,31.023677139390692,6.052147764404647,8131,16.871401151631478,96.83781190019194,89.11708253358925,100.0,19.508157389635315,23.928602635697093,29.79060765751061,5.410856689828849,18.278692347152916,20.5801427039127,26.87090354736823,7.370419732349881,15871,26.30567019707291,5560,9.215520527737722,28.400854435579575,15055,19835,27515,21146,15575,13722,10998,7516,2987,11.205889139480012,14.76378685364238,20.480241758405345,15.739603569806995,11.592940773656672,10.213697161869458,8.186142062836343,5.594384773984175,2.223313906318618,54.71560966745411,72.08795202616754,100.0,76.85262584045066,56.60548791568235,49.870979465745954,39.97092495002726,27.31600944939124,10.855896783572597,3835,6.020408163265306,62.49396154713214,6.684164761199317,15.044604038517278,13.919036423947698,21.548318305959818,66.89275618653569,23.662808142381124,18.69,7188.282504012841
New London,27625,34.7,59098,11794,1805,1042,5191,24074,17539,4472,820,1258,2817,1559,349,281,12266,3562,39,706,0,184,1068,9800,12737,3829,624,11794,4260,7534,1340,253300,13338,277,372,44,167,13809,10064,609,33,1210,1601,234380,26615,17954,7354,518,574,922,135,740,394,439,1047,1116,983,1066,821,774,536,673,461,312,218,488,615,271,328,116,14078,492,751,799,385,1022,517,449,902,981,749,1064,802,581,718,1176,269,309,272,253,703,355,266,263,2.5556561085972853,44.40180995475113,12.894117647058822,0.1411764705882353,0.0,0.6660633484162896,3.8660633484162896,35.47511312217195,4.673303167420815,1291,5.755747594977988,100.0,29.039621718571656,79.89564650252731,10.525028534159468,21.562681731328404,30.172757853925535,7.172586806545413,16.061348993671245,12.480757169736018,15.304392063761235,8.835000847888757,4453,34.961136845411005,943,7.403627227761639,36.120061047990504,2335,4003,5845,3862,2978,3103,2582,1944,973,8.452488687782806,14.490497737556563,21.15837104072398,13.980090497737557,10.780090497737557,11.232579185520363,9.346606334841628,7.03710407239819,3.522171945701357,39.948674080410605,68.48588537211292,100.0,66.07356715141147,50.94952951240377,53.08810949529512,44.17450812660393,33.25919589392644,16.646706586826348,860,6.447743289848552,72.88000579332319,4.410167282207256,9.001375914258816,11.593888044029256,19.198885976408913,67.45820026300959,27.631035130565472,5.62,4915.480427046264
New Milford,28334,42.1,106411,10667,434,282,2008,28166,19675,4762,456,1513,5056,2484,302,266,21653,1020,0,974,0,90,1104,3493,11641,8792,515,10667,8571,2096,1609,391500,15005,545,608,500,443,14613,11816,170,18,287,2205,376270,26677,23151,1596,537,707,835,535,443,278,180,634,644,747,980,663,934,739,779,903,521,411,682,793,353,92,159,14785,1120,692,800,837,353,215,4,489,889,729,874,959,698,912,1112,705,869,319,588,775,309,162,375,3.437566174913531,76.42055481047505,3.5999152961106797,0.0,0.0,0.3176395849509423,3.8963789087315592,12.327945224818238,4.214018493682501,1194,4.498221955387244,100.0,4.710663649378839,16.131713850274785,5.514247448390522,7.129162820421785,26.52096569250318,7.689961880559085,25.69758576874206,15.512071156289709,4.068622855535764,2.6436673853942065,9307,79.95017610170947,974,8.366978781891591,80.35061404331114,3056,3803,3333,3330,3254,3542,4998,2230,788,10.785628573445331,13.422037128538152,11.763252629349898,11.752664643184866,11.484435660337404,12.500882332180419,17.63958495094233,7.870403049340016,2.7811110326815838,61.144457783113246,76.09043617446979,66.68667466986795,66.6266506602641,65.10604241696679,70.86834733893558,100.0,44.617847138855545,15.766306522609044,2096,13.96867710763079,80.85950865667556,1.1633477040990898,2.0871826455895435,15.089304044344075,30.324790457769183,86.78262173407805,5.98268171083705,61.56,460.2664067576348
Newington,30896,45.3,102884,13073,861,587,1948,30521,23578,5403,866,2256,5604,3166,438,226,22221,1344,8,1976,0,232,1125,3990,13577,8459,2152,13073,10219,2854,1524,310400,17365,358,288,71,292,17038,13870,290,0,74,2450,312560,29619,21682,2493,698,504,573,491,188,68,235,601,1362,995,914,829,807,1111,1144,423,816,362,681,610,586,289,317,16292,579,800,969,409,379,55,242,527,1055,827,1009,1025,865,1112,1307,590,832,439,575,1008,493,533,662,6.395649922320041,71.92193164163646,4.350077679958571,0.02589331952356292,0.0,0.7509062661833248,3.6412480580010356,12.914293112377006,4.418047643707923,1365,8.892489086899777,100.0,6.048332658296206,17.955987579316858,6.1428378560820835,6.382490744077848,26.588345067435743,9.568241581134956,23.76791924675545,16.243956230384256,6.586093475101354,4.490170580585941,10611,78.15423142078515,504,3.7121602710466233,78.16874474106939,2581,3009,4145,3745,3526,4674,4718,2697,1801,8.353832211289488,9.739124805800103,13.415976178146039,12.121310201967892,11.412480580010358,15.128171931641637,15.270585189021233,8.729285344381148,5.829233557742103,54.705383637134375,63.77702416278084,87.85502331496396,79.37685459940653,74.73505722763883,99.06740144128868,100.0,57.16405256464604,38.172954641797375,1009,5.8105384393895765,81.40626834135462,1.7020777086512502,0.4343232773799742,14.37962202136401,21.42582944886208,73.20301158040448,8.416894560923732,13.14,2351.2937595129374
Newtown,27593,43.8,155110,9575,284,128,1221,27007,19136,3032,548,1314,6248,3412,1090,469,21624,1015,20,552,0,11,1361,3010,10279,8883,406,9575,8614,961,1855,546200,14087,597,912,336,289,13928,10598,78,0,56,3098,370235,26425,23056,1624,592,1203,901,781,291,202,127,570,575,742,606,1156,732,874,954,560,752,383,563,508,296,347,246,13632,576,689,797,561,418,84,140,525,463,680,598,996,1169,915,1117,370,821,400,383,772,408,340,410,2.0005073750588918,78.36770195339398,3.6784691769651725,0.0724821512702497,0.0,0.03986518319863734,4.932410393940493,10.90856376617258,5.04475772840938,1392,2.5527192008879025,100.0,4.69385867554569,13.919718830928598,6.437291897891233,4.521050098122709,18.70819397993311,6.866638795986622,32.6505016722408,25.977215719063544,2.966057441253264,1.3368146214099217,9289,90.36871290981613,704,6.848915264130752,89.96344647519582,3060,3749,2686,2626,4053,3860,4232,1984,1343,11.089769144348205,13.586779255608306,9.734352915594535,9.516906461783787,14.688507954916103,13.989055195158192,15.337223208784836,7.19022940600877,4.867176457797267,72.3062381852552,88.58695652173914,63.46880907372401,62.051039697542535,95.77032136105859,91.20982986767487,100.0,46.880907372400756,31.734404536862005,2134,15.148718676794207,76.09132682366456,0.5600229753015509,0.402067777139575,22.242963813900058,34.18605724838412,87.25070955534532,6.145695364238411,57.53,479.628020163393
Norfolk,1723,48.2,91548,714,21,17,129,1719,1396,183,39,251,286,252,67,73,1373,14,0,40,0,3,97,196,937,824,0,714,579,135,1190,430900,894,66,176,36,42,867,627,26,3,4,202,18145,1660,1596,23,22,19,25,24,0,4,11,14,76,51,147,42,64,14,55,20,55,23,37,74,33,22,24,867,41,72,51,18,9,7,6,4,30,48,43,21,34,36,74,39,50,27,102,82,33,29,11,2.321532211259431,79.68659315147998,0.812536273940801,0.0,0.0,0.17411491584445735,5.629715612304121,11.375507835171213,5.803830528148579,100,2.91332847778587,100.0,1.0196649672250546,14.275309541150763,7.283321194464676,7.504363001745201,15.902578796561603,17.979942693409743,20.487106017191977,28.08022922636103,2.941176470588235,2.380952380952381,824,87.94023479188901,223,23.799359658484526,81.09243697478992,154,127,152,289,161,179,353,222,86,8.93789901334881,7.370864770748694,8.821822402785838,16.77307022634939,9.34416715031921,10.388856645385955,20.48752176436448,12.884503772489845,4.991294254207777,43.626062322946176,35.977337110481585,43.05949008498583,81.86968838526913,45.609065155807365,50.70821529745042,100.0,62.889518413597735,24.362606232294617,320,35.79418344519016,72.31833910034602,2.9988465974625145,0.8073817762399077,23.298731257208765,27.285714285714285,96.14457831325302,1.3855421686746987,45.34,38.00176444640494
North Branford,13503,48.5,108032,5190,240,99,517,13455,10145,3386,323,744,2146,981,280,86,12178,44,0,338,0,19,377,547,5386,4280,339,5190,4604,586,1613,385400,6885,170,432,34,63,6666,5691,0,0,29,825,150845,12760,11619,196,334,386,420,236,174,67,32,143,465,288,352,381,342,345,605,310,267,132,385,269,231,226,271,6842,409,194,447,78,109,0,81,248,332,372,579,217,254,537,613,422,239,157,322,308,313,235,376,2.5031474487151004,90.1873657705695,0.3258535140339184,0.0,0.0,0.14070947196919203,2.791972154336073,4.050951640376213,2.932681626305265,396,2.775496797503695,100.0,0.3613072754146822,4.491706355723436,3.2517654787321395,3.842437755481234,36.5598817151306,7.333661902414983,21.15327747658945,13.277476589452933,4.624277456647398,1.907514450867052,4619,85.75937616041588,196,3.63906424062384,88.70905587668594,1323,1464,1368,1591,1194,2100,2234,1121,1108,9.79782270606532,10.842035103310375,10.131081981781827,11.782566836999186,8.842479449011332,15.552099533437014,16.544471598903947,8.301858846182329,8.205583944308673,59.22112802148612,65.53267681289168,61.235452103849596,71.21754700089525,53.44673231871083,94.00179051029544,100.0,50.17905102954342,49.59713518352731,699,10.152505446623094,85.37353735373537,0.0,0.435043504350435,12.376237623762377,25.825201164184215,91.05799373040753,1.536050156739812,24.76,545.3554119547657
North Canaan,3221,35.7,71976,1316,88,33,418,3113,2104,664,102,262,342,60,73,17,2910,8,0,0,0,0,103,200,1530,1138,34,1316,812,504,1146,267300,1504,230,47,73,49,1458,1212,0,0,69,177,28740,3061,2857,112,61,12,297,120,33,0,0,97,168,72,91,118,162,63,104,45,27,1,55,39,54,25,0,1577,99,54,41,171,13,0,0,119,76,142,163,17,140,5,158,42,46,32,47,61,35,6,110,0.0,90.34461347407637,0.24837007140639553,0.0,0.0,0.0,3.1977646693573427,6.209251785159888,3.1977646693573427,103,0.0,100.0,0.27491408934707906,6.872852233676976,3.5395189003436434,13.427561837455832,36.40684410646388,12.452471482889733,16.254752851711025,7.1292775665399235,6.68693009118541,2.507598784194529,1172,76.6013071895425,214,13.986928104575163,61.702127659574465,226,675,460,468,437,330,295,189,141,7.016454517230673,20.956224774914624,14.281279105867743,14.52964917727414,13.567215150574356,10.245265445513816,9.158646383110835,5.867742936976095,4.377522508537721,33.48148148148148,100.0,68.14814814814815,69.33333333333334,64.74074074074075,48.888888888888886,43.7037037037037,28.000000000000004,20.88888888888889,399,26.529255319148938,83.1275720164609,0.0,4.732510288065844,12.139917695473251,22.43559718969555,93.33551127082653,3.658934988565828,19.37,166.28807434176562
North Haven,24336,45.7,132689,9586,371,402,1008,24290,17714,4556,372,1292,4729,2494,644,366,18624,926,2,2121,0,0,782,1881,9870,7965,346,9586,7796,1790,1720,393200,12825,340,238,194,228,12622,10369,161,0,156,1878,233350,23258,19199,956,602,756,1084,460,189,29,208,379,367,620,801,759,1199,912,797,325,433,266,385,639,456,371,248,12051,476,556,863,433,184,18,74,311,356,481,696,1081,883,867,892,111,695,478,515,756,680,308,337,8.715483234714004,76.52859960552269,3.8050624589086124,0.00821827744904668,0.0,0.0,3.213346482577252,7.729289940828403,3.2215647600262987,784,11.388530927835049,100.0,4.972079037800686,10.099871134020619,4.209621993127148,4.14985590778098,27.81980354521847,7.293666026871401,26.696398329005305,19.780964209100148,3.870227414980179,4.193615689547257,8311,84.20466058763931,284,2.877406281661601,81.32693511370749,2390,3213,1742,2598,3922,3468,3208,2531,1264,9.820841551610783,13.20266272189349,7.158119658119658,10.675542406311637,16.116042077580538,14.250493096646943,13.182117028270874,10.400230111768574,5.193951347797501,60.938296787353394,81.92248852626211,44.41611422743498,66.24171341152473,100.0,88.42427332993371,81.79500254971953,64.53340132585416,32.2284548699643,1000,7.797270955165692,82.15021391221676,1.275550625891301,1.2359372524164158,14.878783077166851,21.71909903201787,82.5479404935936,4.110413621119615,20.84,1167.7543186180421
North Stonington,5160,50.8,123938,2114,33,284,79,5156,3964,910,100,250,1067,627,178,173,4592,2,7,94,0,0,139,326,2333,2203,32,2114,1963,151,1298,397100,2661,53,226,6,92,2706,2482,4,0,38,182,63640,4946,4526,181,195,144,71,54,27,66,41,68,26,148,138,171,123,324,190,218,57,50,167,163,104,90,69,2456,19,162,97,106,50,16,64,16,28,76,211,192,230,128,224,58,132,117,135,221,75,32,67,1.821705426356589,88.9922480620155,0.03875968992248062,0.13565891472868216,0.0,0.0,2.6937984496124034,6.317829457364341,2.8294573643410854,146,2.047038327526132,100.0,0.04355400696864112,7.099303135888501,3.179442508710802,1.5321955003878975,25.47931382441978,6.306760847628658,26.91725529767911,24.672048435923312,1.5610217596972564,13.434247871333966,2235,95.79939991427347,219,9.387055293613374,92.85714285714286,520,405,325,573,716,866,934,563,258,10.077519379844961,7.848837209302325,6.2984496124031,11.104651162790697,13.875968992248062,16.782945736434108,18.100775193798448,10.910852713178294,5.0,55.6745182012848,43.36188436830835,34.796573875803,61.34903640256959,76.65952890792292,92.71948608137045,100.0,60.27837259100642,27.62312633832976,377,14.167606163096579,91.7220990391722,0.14781966001478197,1.4042867701404287,6.72579453067258,25.21394611727417,91.50828952689042,3.659522846744844,54.25,95.11520737327189
Norwalk,92187,40.6,107616,36011,3048,1840,8341,91571,67618,12773,2156,4478,17413,9355,2213,1287,39387,15650,74,3963,0,527,3117,29469,38129,17311,2634,36011,20028,15983,2073,558000,52271,1772,2043,538,1816,50970,37191,3697,254,1459,7720,1170380,87262,53617,23624,2458,2184,2607,2143,1183,306,588,1890,3478,3889,3404,2811,2830,2919,3702,1327,1263,859,1244,1710,1579,796,615,46402,2467,1985,2111,1394,562,588,303,1800,3154,3695,3194,3209,2726,3317,3548,1641,1879,1190,1824,1951,1692,752,1420,4.2988707735363985,42.725113085359105,16.97636326163125,0.08027162181218611,0.0,0.5716641175002983,3.381170880926812,31.966546259233947,4.0331066202392964,3718,10.061695483281285,100.0,39.7339223601696,74.8191027496382,9.439662832914413,9.108778980244837,22.078440651897424,6.622496968262889,25.752018693247358,19.011210032831492,8.464080419871706,5.109549859765072,19945,52.30926591308452,2118,5.554827034540638,55.616339451834165,9094,10000,12107,14182,11576,13486,11227,6932,3583,9.864731469730005,10.84751646110623,13.133088179461314,15.383947845140856,12.557085055376572,14.628960699447862,12.178506730883964,7.519498410838839,3.8866651480143624,64.12353687773233,70.51191651389085,85.36877732336765,100.0,81.62459455648005,95.0923706106332,79.16372867014525,48.87886052742913,25.26441968692709,6169,11.801955195041227,72.9664508534432,7.25328624681185,3.3608004708652146,15.146164410437512,27.060809248554914,61.44369828791456,27.072494327427748,22.89,4027.3918741808648
Norwich,39973,38.5,65024,17092,1962,1268,6649,39774,27674,8158,1563,2300,3634,2304,349,118,22000,3830,138,2775,0,390,2094,8746,19059,8222,1294,17092,9196,7896,1253,242300,19200,320,150,73,412,18982,16608,510,0,182,1375,421830,37844,28845,4636,1070,812,1211,1233,673,112,280,1141,1744,1408,1485,1356,1220,1017,1149,544,654,542,797,929,295,249,226,19826,1059,810,1509,658,512,213,196,810,1647,1103,963,1733,903,1345,1196,545,888,739,779,603,685,436,494,6.942185975533485,55.0371500763015,9.581467490556125,0.34523303229680036,0.0,0.9756585695344356,5.2385360118079705,21.87976884396968,6.5594276136392065,2622,12.613636363636365,100.0,17.40909090909091,39.75454545454545,11.91818181818182,16.716950771861015,35.126833851268344,8.311050083110501,13.13145913131459,10.013008600130085,11.479054528434355,7.418675403697636,9516,49.92916732252479,1967,10.320583451387796,53.802948747952264,3751,5796,6143,4959,5212,4707,5488,2512,1405,9.383834088009406,14.499787356465616,15.36787331448728,12.405873964926325,13.038801190803792,11.775448427688689,13.729267255397392,6.284241863257699,3.5148725389638007,61.061370665798464,94.35129415594986,100.0,80.72602962721798,84.84453849910467,76.6237994465245,89.33745726843561,40.8920722773889,22.87156112648543,955,4.973958333333333,87.49341481403435,2.6867558739858812,0.9588030765988832,7.243704562216837,23.958084852615436,76.22080118380721,12.250290666948525,28.06,1424.5545260156807
Old Lyme,7679,50.6,131899,3185,91,30,221,7604,5739,783,155,477,1499,1096,412,236,6724,31,0,184,0,6,311,423,4598,4294,21,3185,2828,357,2238,484200,3746,167,184,161,98,3673,2670,43,0,41,890,75325,7227,6564,218,186,124,274,144,32,19,55,71,28,146,232,226,302,262,257,103,196,81,261,248,142,92,126,4072,266,223,210,132,117,8,0,79,142,120,172,189,276,316,339,140,269,182,204,240,169,147,132,2.3961453314233627,87.56348482875374,0.4036983982289361,0.0,0.0,0.07813517385076181,4.050006511264487,5.508529756478708,4.128141685115249,317,2.7364663890541348,100.0,0.46103509815585964,6.290898274836406,4.714455681142177,2.906365071015255,16.34431085554975,8.311552535284893,26.11953301968984,30.388569437184177,2.857142857142857,0.9419152276295133,4315,93.84515006524576,1413,30.730752501087427,88.79120879120879,799,909,402,670,993,1174,1436,799,497,10.405000651126448,11.837478838390416,5.235056648001042,8.72509441333507,12.931371272301082,15.288449016799063,18.70035160828233,10.405000651126448,6.472196900638104,55.64066852367689,63.3008356545961,27.99442896935933,46.65738161559889,69.15041782729804,81.75487465181058,100.0,55.64066852367689,34.610027855153206,610,16.28403630539242,72.69262183501225,1.1707051456575006,1.116253743533896,24.230873945004085,27.06611570247934,90.8260689082607,3.0164660301646604,23.01,333.7244676227727
Old Saybrook,10575,57.4,114333,4672,149,270,526,10443,8681,1214,181,638,2970,1442,353,249,9520,64,0,67,0,0,364,560,5985,5176,220,4672,3986,686,1846,538200,5313,176,281,0,196,5171,3709,33,0,30,1355,109175,10242,9326,495,150,124,248,320,31,0,57,162,347,128,133,292,246,193,453,329,412,163,149,271,273,216,237,5641,183,118,214,87,0,53,13,134,323,138,243,239,164,393,666,361,366,160,207,425,416,335,403,0.6335697399527187,90.02364066193853,0.6052009456264775,0.0,0.0,0.0,3.4420803782505907,5.295508274231678,3.4420803782505907,364,0.7037815126050421,100.0,0.6722689075630253,5.88235294117647,3.8235294117647056,5.03686680072776,16.069577237645433,7.349383711553968,34.21264831240641,23.545674461467573,3.1892123287671237,5.779109589041096,5396,90.15873015873017,1313,21.938178780284044,85.3167808219178,575,900,1089,642,941,1705,2147,1385,1191,5.4373522458628845,8.51063829787234,10.297872340425531,6.070921985815603,8.898345153664303,16.12293144208038,20.30260047281324,13.09692671394799,11.26241134751773,26.78155565905915,41.91895668374476,50.721937587331155,29.902189101071265,43.828598043782016,79.41313460642758,100.0,64.50861667442943,55.472752678155565,653,12.290607942781856,71.72693869657707,0.6381744343453877,0.5801585766776253,26.20382904660607,28.609800838574422,91.0564342901777,4.833040421792618,15.06,702.191235059761
Orange,14315,45.6,142325,5386,214,109,563,14258,10015,1615,102,777,2769,2068,601,509,11393,674,0,1201,33,81,375,558,5544,4902,148,5386,4804,582,2172,491500,7003,237,248,82,264,6832,5598,55,0,70,1065,158840,13576,11114,428,412,552,321,239,327,80,25,145,183,177,368,591,382,474,601,247,259,141,204,520,209,210,185,7463,327,481,692,248,198,24,31,198,209,259,467,487,535,425,521,170,367,216,260,488,248,386,226,8.389800908138316,79.58784491791828,4.708347886831994,0.0,0.23052741879147748,0.5658400279427174,2.619629758994062,3.8980090813831643,3.4159972057282566,489,10.541560607390501,100.0,5.915913280084261,4.897744228912489,4.292109189853418,3.948660401178286,17.14428357463804,7.758362456315526,27.64852720918622,31.732401397903143,3.973264017823988,2.0237653174897883,5050,91.08946608946609,158,2.84992784992785,89.19420720386186,1772,2025,895,1271,1995,2021,1864,1465,1007,12.378623821166608,14.146000698567937,6.252183024799161,8.878798463150542,13.93643031784841,14.118057981138666,13.02130632203982,10.234020258470137,7.034579112818721,87.50617283950616,100.0,44.19753086419753,62.76543209876543,98.51851851851852,99.80246913580247,92.0493827160494,72.34567901234567,49.7283950617284,831,11.866342995858918,81.93793911007026,0.8050351288056207,1.0245901639344261,15.588407494145198,27.542916594416507,81.8650559811432,3.1526222746022388,17.18,833.2363213038417
Oxford,12991,45.2,128953,5046,65,125,525,12991,9447,1956,186,942,2621,1526,201,29,10338,85,0,779,0,55,565,1169,5253,4685,379,5046,4564,482,1415,472400,7194,206,358,14,99,6896,5823,0,0,27,991,178020,12269,10322,775,454,555,329,209,135,35,29,316,195,349,459,651,306,650,392,178,270,206,154,596,290,64,107,6062,268,501,211,235,67,58,0,142,123,437,264,453,310,331,782,136,185,198,355,558,156,125,167,5.9964590870602725,79.57816950196289,0.6542991301670387,0.0,0.0,0.42337002540220153,4.349164806404434,8.998537449003157,4.772534831806635,620,7.535306635712905,100.0,0.8222093248210485,11.307796479009482,5.997291545753531,4.041259333384651,22.6738647189584,9.971419498253415,27.74425743622314,18.587911506298298,1.288149028933809,2.477209671026556,5064,96.40205596801827,207,3.9406053683609366,90.4478795085216,1778,1186,898,1509,1720,2155,1682,1600,463,13.68639827572935,9.129397275036563,6.912477869294127,11.61573396967131,13.239935339850668,16.588407358940806,12.947425140481872,12.316218920791316,3.5640058502039875,82.50580046403712,55.034802784222734,41.67053364269142,70.02320185614849,79.81438515081206,100.0,78.05104408352668,74.24593967517401,21.48491879350348,677,9.410619961078677,84.44025522041764,0.0,0.39153132250580047,14.370649651972158,30.147332768839966,84.1307360013041,6.316733230092102,32.75,396.67175572519085
Plainfield,15141,37.0,76993,6060,348,539,1310,15019,10662,3840,540,1651,1057,411,105,25,12810,478,0,226,0,57,445,1125,6168,4219,303,6060,4458,1602,1204,272100,7832,283,161,64,100,7711,6720,81,14,51,774,184210,14046,13040,366,558,312,448,226,48,47,123,495,859,578,390,326,407,673,497,157,347,167,199,375,134,124,90,7561,537,247,294,313,161,230,133,307,677,555,375,391,445,499,468,185,317,126,211,437,337,159,157,1.4926358893071792,84.60471567267683,3.156990951720494,0.0,0.0,0.3764612641172974,2.939039693547322,7.43015652863087,3.3155009576646193,502,1.7642466822794693,100.0,3.7314597970335677,8.782201405152227,3.918813427010149,8.722285105532992,41.08047270680923,15.484899643594071,9.913712249108986,5.07409491652598,5.742574257425743,8.894389438943895,4522,73.31387808041504,108,1.7509727626459144,73.56435643564356,1654,1490,2871,1898,1569,2137,1709,1283,530,10.92398124298263,9.840829535697775,18.96175946106598,12.535499636747904,10.362591638597186,14.11399511260815,11.287233339937917,8.473680734429694,3.500429297932765,57.6105886450714,51.89829327760363,100.0,66.10936955764541,54.649947753396034,74.4339951236503,59.52629745733194,44.688261929641236,18.460466736328808,608,7.763023493360572,87.14822980158216,1.0504474127869277,0.8429516275450655,10.037608611075086,26.554706645524004,92.83781859604157,2.6057240495514735,42.41,357.0148549870314
Plainville,17551,44.3,84343,8087,454,943,1130,17413,13323,3815,616,1160,2609,1174,139,70,13691,339,22,704,29,130,694,1942,8588,4744,573,8087,5475,2612,1126,254000,10051,41,287,89,125,9944,8565,50,6,150,1066,187770,16996,14008,841,271,421,384,211,431,109,4,439,637,575,571,811,623,497,660,235,351,195,306,296,327,292,166,8739,284,461,403,299,184,33,14,280,554,642,418,669,450,734,596,357,423,240,267,638,230,219,344,4.011167454845878,78.00695117087345,1.9315138738533417,0.12534898296393368,0.16523275027063986,0.7406985356959718,3.9541906444077264,11.064896587089054,4.985470913338272,875,5.1420641297202545,100.0,2.4760791761010883,14.184500766927178,6.391059820319919,6.489404467926262,33.25827516325152,8.706747729490354,19.58267657434512,10.380544922314794,5.613948312105848,11.660689996290342,5317,61.91197019096414,501,5.833721471821146,67.70124891801656,1437,1912,2070,2206,2553,2487,2374,1491,1021,8.187567659962395,10.8939661557746,11.794199760697396,12.569084382656259,14.546179704860121,14.17013275596832,13.526294798017208,8.495242436328414,5.817332345735285,56.28672150411281,74.89228358793576,81.08108108108108,86.4081472777125,100.0,97.41480611045829,92.98864081472777,58.40188014101058,39.9921660791226,542,5.392498258879713,86.13234111021721,0.502815768302494,1.5687851971037812,10.720032180209172,21.15003379139446,82.41939279830548,4.948223111320311,9.71,1807.5180226570544
Plymouth,11746,44.6,94514,4774,253,307,989,11639,8556,2390,439,927,1744,610,89,67,10159,118,0,115,0,64,317,973,5173,3744,131,4774,3664,1110,1276,275000,6574,131,328,35,101,6446,5472,0,36,61,866,158810,11297,10178,502,159,446,300,214,142,63,55,181,378,466,259,335,304,583,500,197,228,228,203,302,217,14,99,5873,290,196,301,156,83,44,91,469,250,471,374,197,265,453,502,234,340,213,226,238,271,100,109,0.9790567001532438,86.48901753788523,1.0045973097224588,0.0,0.0,0.5448663374765877,2.698791077813724,8.28367103694875,3.2436574152903117,381,1.1320011812186241,100.0,1.1615316468156316,9.577714341962794,3.750369130819963,8.497293581922847,33.064516129032256,10.834502103786816,20.383356708742404,8.95278167367929,5.299539170506913,6.430666108085463,3875,74.90817707326502,399,7.7131258457374825,76.7490573942187,1091,1196,1531,1570,1101,2038,1869,1028,322,9.288268346671206,10.182189681593734,13.034224416822749,13.366252341222543,9.373403711901924,17.350587434020092,15.911799761620976,8.75191554571769,2.7413587604290823,53.53287536800785,58.68498527968596,75.12266928361139,77.03631010794896,54.023552502453384,100.0,91.70755642787046,50.441609421000976,15.799803729146223,595,9.050806206267113,84.88985417313062,0.0,1.5048091839900712,13.434688178715481,28.46057347670251,90.09471541117111,4.44365760821457,21.87,537.0827617741198
Pomfret,4317,45.9,108476,1634,86,157,255,4266,3073,492,145,177,561,742,60,199,3551,49,0,157,0,0,271,289,1742,1532,22,1634,1316,318,1210,409100,2351,65,131,54,138,2124,1721,0,0,53,281,43510,4165,3672,182,86,217,126,102,20,79,30,8,89,167,120,98,201,131,195,63,112,45,105,98,16,126,24,2059,66,111,159,131,59,0,16,34,77,20,103,145,139,160,235,103,148,32,58,94,95,40,34,3.636784804262219,82.2561964327079,1.1350474866805653,0.0,0.0,0.0,6.277507528376187,6.6944637479731295,6.277507528376187,271,4.421289777527457,100.0,1.3798929878907353,8.138552520416784,7.63165305547733,5.977496483825598,20.72892938496583,5.759843800846079,18.255776114546045,32.57403189066059,5.263157894736842,9.608323133414933,1554,89.20780711825488,108,6.199770378874857,80.53855569155446,480,597,333,410,583,721,666,303,224,11.118832522585128,13.829047949965254,7.713690062543432,9.497336113041465,13.504748668056521,16.701413018299746,15.427380125086865,7.018763029881862,5.188788510539727,66.57420249653259,82.80166435506241,46.18585298196949,56.86546463245492,80.85991678224687,100.0,92.37170596393898,42.0249653259362,31.06796116504854,388,16.503615482773288,81.02636534839924,0.0,2.495291902071563,13.22975517890772,23.608247422680414,88.16326530612245,4.369747899159663,40.33,107.04190428961071
Portland,9434,41.6,118929,3762,150,303,362,9338,6838,1129,124,596,2173,1165,170,55,8261,125,6,308,0,51,268,415,4100,3338,44,3762,3156,606,1129,337400,5116,62,277,99,75,5042,4017,27,0,32,934,116475,9036,8192,256,163,181,468,246,105,49,27,46,158,171,626,368,307,473,329,130,72,110,112,269,214,88,51,4671,235,380,232,196,146,23,27,72,148,357,356,299,335,290,371,144,138,191,147,202,101,81,200,3.2647869408522365,87.56624973500105,1.3249947000212,0.0635997456010176,0.0,0.5405978376086495,2.8407886368454527,4.398982404070384,3.44498622005512,325,3.7283621837549936,100.0,1.5131340031473188,5.023604890449099,3.9341484081830296,3.876633112015421,18.32407136589646,8.71599883006727,31.778297747879495,20.327581164083064,3.9872408293460926,8.054226475279107,3382,82.48780487804878,338,8.24390243902439,83.89154704944178,959,1393,550,1510,1309,1463,1044,786,420,10.165359338562647,14.76574093703625,5.82997668009328,16.005935976256094,13.875344498622006,15.507737969048124,11.066355734577062,8.331566673733306,4.451982192071232,63.50993377483444,92.25165562913908,36.423841059602644,100.0,86.6887417218543,96.88741721854305,69.13907284768212,52.05298013245033,27.81456953642384,513,10.027365129007036,79.67076556921856,0.53550178500595,0.6346687822292741,18.52439508131694,28.353213242453748,90.65958388667552,2.83311199645861,23.35,404.0256959314775
Preston,4821,46.2,116648,1947,17,134,115,4805,3546,826,82,720,526,393,77,15,4347,52,22,80,0,0,130,190,2045,1914,15,1947,1785,162,1433,361900,2278,24,92,23,69,2261,2002,2,0,0,232,44885,4627,4443,128,161,111,174,47,29,0,15,22,156,115,187,128,70,219,72,157,71,134,63,204,69,50,78,2489,33,154,99,123,59,56,14,178,53,138,180,105,97,214,263,19,195,67,102,129,136,39,36,1.6594067620825554,90.16801493466086,1.078614395353661,0.45633685957270276,0.0,0.0,2.6965359883841526,3.941091059946069,3.1528728479568553,152,1.840349666436623,100.0,1.196227283183805,4.370830457786979,3.4966643662295835,2.3933402705515086,25.606316976875355,20.304568527918782,14.833615341229557,13.677382966723068,0.8731381612737544,6.882383153569595,1929,94.32762836185819,98,4.792176039119805,91.67950693374422,459,531,494,620,400,768,808,538,203,9.520846297448662,11.014312383322961,10.24683675585978,12.860402406139803,8.297033810412778,15.930304915992533,16.76000829703381,11.159510475005185,4.210744658784484,56.806930693069305,65.71782178217822,61.13861386138614,76.73267326732673,49.504950495049506,95.04950495049505,100.0,66.58415841584159,25.123762376237625,208,9.13081650570676,88.54489164086688,0.08845643520566121,0.0,10.260946483856701,22.12173484475111,96.02334125783445,2.766371298897774,30.83,156.37366201751541
Prospect,9458,46.8,126394,3529,82,54,300,9418,7022,1785,92,858,1366,1247,128,92,7671,797,0,6,0,50,369,565,3703,3130,239,3529,3298,231,1800,355400,4837,60,165,21,87,4671,4151,28,0,21,471,115680,9076,7806,417,115,229,383,235,103,14,0,78,195,255,396,144,230,297,441,270,78,159,150,294,178,75,213,4926,267,122,434,236,16,47,46,111,248,317,268,175,329,635,336,54,35,97,244,217,205,86,401,0.06343835906111228,81.10594205963206,8.426728695284416,0.0,0.0,0.5286529921759358,3.901459082258406,5.9737788115880734,4.430112074434342,419,0.07821666014861164,100.0,10.389779689740582,7.365402163994264,5.462130100378048,3.1853896793374386,26.73027627456565,12.21874109940188,19.453147251495302,20.8914839077186,2.3236044205157267,1.5301785208274299,3369,90.98028625438833,174,4.69889278963003,93.45423632757155,733,1407,739,1236,878,1709,1087,894,775,7.750052865299217,14.87629519983083,7.81349122436033,13.06830196658913,9.283146542609432,18.069359272573482,11.492916049904842,9.45231550010573,8.194121378727004,42.890579286132244,82.32884727911059,43.24166179052077,72.32299590403744,51.37507314218841,100.0,63.60444704505559,52.31129315389117,45.34815681685196,333,6.88443249948315,88.86748019695997,0.599443374009848,0.44958253050738595,10.083493898522802,27.542857142857144,86.00705156456588,4.594535037461437,14.25,663.719298245614
Putnam,9292,43.7,70561,4166,385,425,1052,9148,6996,2123,458,557,833,492,52,24,7725,116,12,142,0,37,683,577,4403,2111,281,4166,2491,1675,1149,269200,4757,125,144,71,115,4665,4114,19,49,36,419,105340,8823,8279,343,150,189,341,105,157,57,13,158,370,337,178,318,174,484,425,192,204,104,103,118,70,147,89,4809,319,338,227,60,106,0,9,67,398,309,376,246,280,317,399,79,189,97,176,129,219,108,361,1.5281962978906585,83.13603099440378,1.248385708136031,0.12914334911752046,0.0,0.39819199311235465,7.350408953938873,6.209642703400775,7.877744296168748,732,1.838187702265372,100.0,1.5016181229773464,7.469255663430421,9.475728155339807,11.4997813729777,36.892510005717554,7.9616923956546595,11.906803887935963,8.118925100057176,9.241478636581853,10.201632261161786,2392,54.32659550306609,237,5.382693617987735,59.79356697071532,996,996,1072,1200,1018,1625,1144,536,705,10.718897976754198,10.718897976754198,11.536805854498493,12.914334911752047,10.95566078346965,17.488161859664228,12.311665949203617,5.768402927249246,7.587171760654327,61.29230769230769,61.29230769230769,65.96923076923076,73.84615384615385,62.64615384615385,100.0,70.39999999999999,32.98461538461538,43.38461538461538,455,9.564851797351272,88.18863879957128,0.40728831725616294,1.822079314040729,8.981779206859592,24.809232218558645,93.83429672447014,3.8875665873285734,20.3,457.73399014778323
Redding,8780,52.0,186060,3399,136,12,346,8643,6559,792,96,227,2564,1409,406,352,7095,70,25,286,19,72,481,732,3595,3135,70,3399,3113,286,2101,706300,4079,290,272,49,197,3870,2350,124,0,33,1258,94410,8408,7195,440,262,219,343,108,41,34,82,159,33,129,298,169,183,382,365,243,307,93,118,275,271,146,164,4356,110,191,275,166,120,0,0,111,67,164,287,297,213,349,416,86,253,121,238,218,169,148,357,3.257403189066059,80.80865603644646,0.7972665148063782,0.2847380410022779,0.21640091116173119,0.8200455580865604,5.478359908883826,8.337129840546698,6.799544419134396,597,4.0310077519379846,100.0,0.9866102889358704,10.317124735729388,8.414376321353064,4.003239615874118,13.538649184326879,3.4608934288763527,39.09132489708797,33.038572953194084,4.001176816710798,0.353045013239188,3205,89.15159944367177,196,5.45201668984701,91.58576051779936,782,1053,486,878,862,1512,1459,933,815,8.906605922551252,11.993166287015946,5.5353075170842825,10.0,9.817767653758542,17.220956719817767,16.61731207289294,10.626423690205012,9.28246013667426,51.71957671957672,69.64285714285714,32.142857142857146,58.06878306878307,57.01058201058201,100.0,96.494708994709,61.70634920634921,53.902116402116405,808,19.80877666094631,60.72351421188631,3.204134366925065,0.8527131782945736,32.50645994832041,36.144716692189895,85.5732635585157,5.233111322549953,31.48,278.9072426937738
Ridgefield,25109,45.1,179219,9194,392,166,883,25024,17685,1530,170,720,7033,3980,981,839,20468,680,29,779,0,154,999,2000,9587,7398,410,9194,7681,1513,2026,836200,12232,584,523,244,463,11899,7708,430,0,111,3530,276420,24005,20165,1176,415,1012,1057,658,232,100,20,281,411,537,633,905,837,1191,873,456,650,142,325,527,509,217,349,12772,689,760,1060,566,386,31,14,143,555,553,642,842,982,1187,730,368,647,381,263,681,501,199,592,3.1024732167748614,81.51658767772511,2.7081922816519977,0.11549643554104105,0.0,0.6133258990800111,3.978653072603449,7.965271416623522,4.707475407224501,1182,3.8059409810435803,100.0,3.3222591362126255,9.771350400625368,5.774868086769592,3.5286125319693094,9.61266610121572,4.071246819338422,39.76816511167656,32.796154933559514,4.263650206656515,1.8055253426147488,7808,81.44362157087724,393,4.099301136956295,83.5436154013487,2876,3959,1555,2365,3566,3981,3232,2218,1357,11.454060297104624,15.767254769206259,6.192998526424788,9.418933450157315,14.202078935839738,15.85487275478912,12.871878609263609,8.833486001035485,5.404436656179059,72.24315498618438,99.44737503139915,39.06053755337855,59.407184124591815,89.57548354684752,100.0,81.18563175081638,55.714644561667924,34.086912835970864,1814,14.829954218443428,64.77855281956467,3.6137490545423985,0.932851500126061,29.66635851752248,33.029035727088065,84.00333263903353,4.89897937929598,34.5,727.7971014492754
Rocky Hill,20880,43.2,99941,9108,738,448,989,20541,16134,3834,378,1401,4360,2403,291,248,14588,1003,9,2500,0,82,716,1982,9520,4549,1198,9108,6220,2888,1783,337300,10902,172,708,49,209,10337,8458,104,0,75,1658,179160,19829,13699,1440,415,524,388,314,231,75,17,327,934,616,922,887,760,554,579,176,516,125,353,433,246,262,444,10782,636,636,414,190,114,83,31,351,860,729,512,820,599,865,472,222,372,234,332,647,478,261,924,11.973180076628353,69.86590038314176,4.803639846743295,0.04310344827586207,0.0,0.39272030651340994,3.42911877394636,9.492337164750959,3.8649425287356323,807,17.13737318343844,100.0,6.875514121195502,13.586509459829998,5.531944063613929,4.814760722457525,26.106359241353662,8.68352547415396,27.02367670757407,18.23478368662452,8.102766798418973,4.9187527448397015,5747,60.36764705882353,412,4.3277310924369745,68.29161176987265,2211,1651,2678,2779,3066,2470,2330,1804,1891,10.589080459770114,7.907088122605364,12.82567049808429,13.309386973180077,14.683908045977013,11.829501915708812,11.159003831417625,8.639846743295019,9.056513409961687,72.11350293542075,53.84866275277235,87.34507501630789,90.6392694063927,100.0,80.56099151989564,75.99478147423353,58.83887801696021,61.676451402478804,1138,10.438451660245827,81.82257908484087,1.006094611589436,0.7255489987423818,16.039469865531586,20.642931213273418,69.08568258611125,7.262090876998335,13.46,1551.263001485884
Roxbury,2185,54.7,123864,1022,9,71,80,2185,1765,200,28,101,581,297,227,46,1838,142,0,46,0,0,31,128,1359,1322,0,1022,845,177,1713,714500,1217,118,147,43,34,1199,835,25,0,76,209,36240,2117,1773,61,23,39,50,35,18,27,5,0,32,72,71,26,40,130,67,31,86,61,63,150,31,40,20,1068,45,44,52,25,3,32,12,10,5,56,53,50,46,122,87,71,43,67,81,62,47,42,13,2.1052631578947367,84.11899313501145,6.498855835240275,0.0,0.0,0.0,1.4187643020594967,5.858123569794051,1.4187643020594967,31,2.5027203482045697,100.0,7.725788900979325,6.9640914036996735,1.6866158868335146,3.6613272311212817,12.917847025495751,5.722379603399434,32.91784702549575,32.29461756373937,0.8806262230919765,6.947162426614481,1322,97.27740986019133,337,24.797645327446652,82.68101761252447,151,183,123,252,162,406,503,290,115,6.910755148741418,8.375286041189932,5.62929061784897,11.533180778032037,7.414187643020595,18.581235697940503,23.020594965675055,13.272311212814644,5.263157894736842,30.019880715705767,36.381709741550694,24.45328031809145,50.09940357852882,32.20675944333996,80.71570576540755,100.0,57.65407554671968,22.86282306163022,342,28.101889893179948,69.64136780650541,2.0850708924103416,6.33861551292744,17.431192660550458,36.60606060606061,83.75059045819556,2.8814359943316012,26.29,83.11144922023584
Salem,4282,40.9,123245,1764,10,12,265,4271,3187,564,13,395,992,459,74,88,3689,21,0,66,0,97,135,274,1764,1553,56,1764,1527,237,1440,403600,2159,42,119,98,65,2263,1828,27,0,0,408,58360,4165,3811,209,81,249,134,87,21,0,0,67,88,157,258,124,88,73,133,75,162,42,185,111,136,11,8,1992,36,190,154,64,0,0,0,12,159,115,213,131,154,76,170,33,133,81,124,41,38,42,26,1.5413358243811304,86.1513311536665,0.49042503503035967,0.0,0.0,2.2652965903783278,3.152732368052312,6.3988790284913595,5.418028958430639,232,1.7891027378693414,100.0,0.5692599620493359,7.427487123881811,6.28896719978314,6.204635916647155,18.1048007530593,12.394101035456542,31.126451208032634,19.485409475996235,0.5668934240362812,0.6802721088435374,1609,91.21315192743764,0,0.0,86.56462585034014,556,460,326,743,497,452,835,326,87,12.984586641756188,10.742643624474544,7.613264829518916,17.351704810836058,11.606725829051845,10.555815039701075,19.500233535730967,7.613264829518916,2.03176085941149,66.58682634730539,55.08982035928144,39.04191616766467,88.98203592814372,59.52095808383233,54.131736526946106,100.0,39.04191616766467,10.419161676646707,324,15.006947660954145,80.77772867874504,1.1931064958020325,0.0,18.02916482545294,31.460916442048518,91.50060024009605,5.018007202881152,28.93,148.0124438299343
Salisbury,4224,44.2,124256,1557,87,30,174,4139,3192,580,9,156,963,764,124,26,3527,170,2,43,0,0,289,193,2465,2027,119,1557,1062,495,1846,763700,1986,91,149,78,100,1982,1139,63,0,202,555,28385,3983,3470,157,89,96,15,98,37,13,42,82,48,69,351,149,37,90,117,63,104,89,57,127,89,41,70,2251,152,204,88,70,0,0,26,20,75,169,43,223,139,94,117,44,71,33,123,144,217,120,79,1.0179924242424243,83.49905303030303,4.024621212121212,0.04734848484848485,0.0,0.0,6.8418560606060606,4.569128787878788,6.889204545454545,291,1.2191664303941026,100.0,4.819960306209243,5.472072582931671,8.25063793592288,4.203913988886204,18.452380952380953,4.887218045112782,30.169172932330827,28.634085213032584,5.5876685934489405,1.9267822736030826,2146,87.05882352941177,908,36.835699797160245,68.20809248554913,541,308,306,632,548,418,584,577,310,12.807765151515152,7.291666666666667,7.2443181818181825,14.962121212121213,12.973484848484848,9.895833333333332,13.825757575757574,13.660037878787879,7.339015151515152,85.60126582278481,48.734177215189874,48.41772151898734,100.0,86.70886075949366,66.13924050632912,92.40506329113924,91.29746835443038,49.050632911392405,418,21.04733131923464,57.467204843592334,3.1786074672048437,10.191725529767911,28.00201816347124,19.89138051857043,87.1202611097163,3.9417524479035904,57.24,73.79454926624737
Scotland,1599,44.7,99881,558,11,14,76,1599,1143,409,21,93,236,131,15,4,1314,1,0,0,0,0,222,62,603,542,27,558,512,46,1188,294100,805,8,44,6,42,797,685,0,0,12,92,23175,1515,1471,27,37,39,24,21,3,0,3,78,82,34,46,30,50,67,97,26,19,17,20,5,40,34,16,811,47,30,41,24,0,17,8,84,44,38,36,41,66,61,65,25,18,20,24,24,63,22,13,0.0,82.17636022514071,0.06253908692933083,0.0,0.0,0.0,13.883677298311445,3.877423389618512,13.883677298311445,222,0.0,100.0,0.076103500761035,4.718417047184171,16.894977168949772,4.752970606629144,37.62029746281715,8.136482939632545,20.64741907261592,13.123359580052494,1.971326164874552,2.5089605734767026,569,94.3615257048093,45,7.462686567164178,91.75627240143369,153,113,316,154,187,290,169,132,85,9.568480300187618,7.066916823014384,19.762351469668545,9.631019387116948,11.694809255784866,18.13633520950594,10.569105691056912,8.25515947467167,5.315822388993121,48.41772151898734,35.75949367088608,100.0,48.734177215189874,59.17721518987342,91.77215189873418,53.48101265822785,41.77215189873418,26.89873417721519,100,12.422360248447205,85.94730238393977,0.0,1.5056461731493098,11.543287327478042,32.87234042553192,97.0957095709571,1.782178217821782,18.63,85.82930756843801
Seymour,16889,41.6,107708,6378,440,263,1126,16739,12322,3383,338,1155,2192,1568,229,111,10668,1905,0,371,17,61,1022,2845,6551,4320,243,6378,4735,1643,1608,370000,9262,251,258,114,227,9037,7306,45,0,148,1481,241620,16120,13603,1285,407,343,434,153,141,72,321,325,448,850,568,386,587,625,540,345,420,287,324,394,146,84,58,8631,362,455,583,525,188,40,64,154,562,679,489,294,669,703,583,262,473,206,316,258,226,409,131,2.1966960743679316,63.165373912013735,11.279531055716738,0.0,0.10065723251820713,0.3611818343300373,6.05127597844751,16.845283912605836,6.513115045295755,1100,3.4776902887139105,100.0,17.857142857142858,26.668541432320957,10.311211098612674,6.726805663420754,30.198019801980198,9.373478331439701,17.789319915598117,15.484499269599091,6.898714330511132,4.123549702100972,4563,69.65348801709663,173,2.6408181956953136,74.23957353402321,1567,2024,1986,2586,1936,2451,2633,1024,682,9.278228432707678,11.984131683344188,11.759133163597609,15.311741370122563,11.463082479720528,14.512404523654448,15.590029012967019,6.063118005802593,4.0381313280833675,59.51386251424231,76.87048993543486,75.42726927459172,98.21496391948348,73.52829472085074,93.08773262438284,100.0,38.89099886061527,25.90201291302697,850,9.177283524076874,80.84541330087418,0.4979528604625429,1.6377116299656966,16.388181918778354,31.977236633139228,84.38585607940446,7.971464019851117,14.52,1163.1542699724519
Sharon,2723,59.5,100518,1473,17,111,290,2677,2442,485,36,107,794,296,210,86,2145,3,0,190,0,226,91,68,1809,1413,167,1473,1068,405,1750,590700,1451,75,154,6,58,1451,920,107,16,136,272,35300,2687,2220,39,36,15,32,31,5,5,0,14,51,26,170,106,26,112,89,102,60,48,85,201,134,60,30,1285,0,34,28,20,18,0,14,29,37,9,95,163,36,67,127,23,110,32,166,66,90,41,80,6.9775982372383405,78.773411678296,0.11017260374586854,0.0,0.0,8.299669482188762,3.3419023136246784,2.4972456849063533,11.64157179581344,317,8.857808857808857,100.0,0.13986013986013987,3.17016317016317,14.778554778554778,10.833022039596562,21.334971334971335,4.381654381654382,32.514332514332516,24.242424242424242,1.1541072640868975,7.535641547861507,1580,87.34107241569929,336,18.573797678275287,72.50509164969449,85,134,150,300,331,395,626,491,211,3.1215571061329417,4.9210429673154605,5.508630187293426,11.017260374586852,12.155710613294161,14.506059493206022,22.9893499816379,18.031582813073815,7.748806463459419,13.578274760383385,21.405750798722046,23.961661341853034,47.92332268370607,52.87539936102237,63.09904153354633,100.0,78.43450479233228,33.70607028753994,293,20.192970365265335,63.40454858718125,7.374224672639559,10.475534114403859,18.74569262577533,29.940627650551313,82.62002232973576,1.4514328247115742,58.77,46.33316317849243
Shelton,41889,44.5,108185,16096,913,896,2728,41515,31345,6997,1146,2619,7810,4171,713,391,27919,2804,32,3642,0,638,1560,5294,16927,10867,2071,16096,12312,3784,1741,452600,21523,509,1020,288,592,21106,17749,178,0,104,2930,551095,39649,30925,2459,1159,960,1200,710,327,102,299,497,1140,1161,1200,1618,1344,1279,1726,614,799,523,601,838,877,666,480,21769,1081,1107,1023,693,428,89,53,816,1307,1289,1211,1767,972,1615,1577,780,984,513,596,999,1115,838,916,8.694406646136217,66.64995583566092,6.6938814485903215,0.07639237031201508,0.0,1.5230728830958007,3.724128052710735,12.638162763493996,5.323593306118551,2230,13.044879830939502,100.0,10.043339661162648,18.96199720620366,7.987392098570864,6.571118872696616,25.978624980060616,8.355399585260807,24.916254586058383,16.828840325410752,5.672216699801193,5.566600397614314,12938,76.43409936787381,831,4.909316476634961,76.49105367793241,4307,4381,4303,4861,5701,6197,5410,3829,2900,10.281935591682782,10.458592948029317,10.272386545393779,11.604478502709542,13.609778223399937,14.793859963236173,12.915085105875052,9.140824560147056,6.923058559526367,69.50137163143457,70.69549782152654,69.43682426980797,78.44118121671777,91.99612715830241,100.0,87.30030659996773,61.78796191705664,46.796837179280296,2409,11.192677600706222,84.0945702643798,0.8433620771344642,0.49275087652800154,13.882308348336966,30.319927376760564,77.99692299931903,6.201921864359758,30.63,1367.5808031341821
Sherman,3554,60.2,116000,1582,147,122,79,3554,2803,312,62,170,957,512,113,90,2989,19,0,44,0,64,232,206,1919,1844,37,1582,1493,89,2276,497300,1943,105,126,47,51,1903,1075,16,0,0,798,44285,3471,3161,128,27,48,124,58,47,39,48,78,57,9,55,82,71,43,151,119,238,79,180,136,116,87,52,1610,56,44,63,38,38,43,0,0,13,32,54,78,57,131,159,201,83,74,51,58,113,102,122,1.2380416432189083,84.1024198086663,0.5346088913899831,0.0,0.0,1.8007878446820484,6.527855936972425,5.796285875070343,8.328643781654474,296,1.4720642355302775,100.0,0.6356641017062563,6.891937102709936,9.902977584476414,2.2228474957794035,13.342846949696755,6.0649304316803425,34.141990724224044,25.508383874420264,9.29203539823009,7.711757269279393,1881,98.01980198019803,337,17.561229807191246,94.37420986093552,175,368,278,150,288,484,1025,423,363,4.924029262802476,10.354530106921779,7.822172200337647,4.220596510973551,8.103545301069218,13.618458075407991,28.84074282498593,11.902082160945413,10.213843556555993,17.073170731707318,35.90243902439024,27.121951219512198,14.634146341463413,28.09756097560976,47.21951219512195,100.0,41.26829268292683,35.41463414634146,329,16.932578486875965,56.48975302154493,0.8407777193904361,0.0,41.933788754598005,40.07692307692308,91.06885623739556,3.6876980697205415,21.91,162.20903696942037
Simsbury,25066,42.3,157907,9358,352,187,1183,24793,17524,1503,242,887,7272,3737,992,596,20758,678,0,1088,0,145,825,1572,9606,6942,423,9358,7035,2323,2203,443500,12647,317,331,130,344,12576,8548,173,22,213,3410,236865,23744,21416,610,684,1037,713,548,260,41,64,171,437,647,767,872,848,939,819,503,524,243,411,458,329,274,305,13172,638,925,1130,568,257,95,41,370,600,620,1184,714,742,744,817,573,535,310,469,622,456,211,551,4.340540971834357,82.81337269608234,2.7048591717864836,0.0,0.0,0.578472831724248,3.2913109391207214,6.271443389451847,3.869783770844969,970,5.24135273147702,100.0,3.2662106175932166,7.572983909817902,4.672897196261682,4.771508086960028,9.957772198128282,5.06162976489386,41.497375028532296,30.386897968500342,3.761487497328489,1.9982902329557597,7365,76.67083073079326,248,2.581719758484281,75.17631972643727,3284,3476,1819,3218,3176,3319,3568,1865,1341,13.10141227160297,13.86739009016197,7.256841937285566,12.838107396473312,12.670549748663529,13.241043644777786,14.234421128221495,7.440357456315327,5.349876326498046,92.04035874439462,97.42152466367713,50.98094170403588,90.19058295964125,89.01345291479821,93.0213004484305,100.0,52.27017937219731,37.58408071748879,1122,8.871669170554283,67.970737913486,1.3756361323155215,1.8686386768447836,27.115139949109412,25.84169757800567,90.19541778975741,2.5690700808625335,33.93,738.7562628941939
Somers,10308,43.1,124705,3423,114,58,245,9235,7358,1722,135,929,1580,866,198,90,8354,466,0,0,0,447,327,714,3583,3212,89,3423,2999,424,1184,395800,4870,189,200,32,161,4809,3883,18,0,36,779,111060,9952,9433,314,296,213,434,135,84,81,109,228,410,298,416,534,364,342,339,179,210,128,206,341,162,54,49,4696,60,329,474,238,53,86,15,115,89,264,259,243,367,366,266,143,243,130,244,273,246,116,77,0.0,81.04384943733022,4.520760574311215,0.0,0.0,4.336437718277066,3.172293364377183,6.926658905704307,7.508731082654249,774,0.0,100.0,5.578166147953077,8.546803926262868,9.265022743595882,2.6529507309149976,25.23783636857842,12.625713509105735,21.473226420222886,15.68360967654254,3.3304119193689745,1.694420099328075,3301,92.1295004186436,160,4.465531677365337,87.6132047911189,898,1418,1133,1237,1508,1313,1483,1022,296,8.711680248350795,13.756305781916959,10.991462941404734,12.000388048117967,14.629414047341871,12.737679472254559,14.386883973612727,9.914629414047342,2.8715560729530463,59.54907161803713,94.03183023872678,75.13262599469496,82.0291777188329,100.0,87.06896551724138,98.342175066313,67.77188328912467,19.628647214854112,582,11.950718685831623,80.74443751299647,0.37429819089207733,0.7485963817841547,16.19879392805157,27.558312655086848,94.78496784565917,3.1551446945337616,28.46,362.19255094869993
South Windsor,26907,41.2,144961,9835,359,360,1327,26818,18191,2816,311,1441,5460,4137,692,423,17159,977,0,5996,0,102,1007,1666,10272,7192,1160,9835,8351,1484,1864,375100,14075,483,441,129,132,13821,9821,124,15,19,3798,230555,25439,18260,682,582,977,1098,473,381,240,220,513,417,593,983,944,1147,886,657,662,347,261,626,488,474,128,208,13602,886,560,1209,521,269,82,64,641,390,774,979,1304,617,1036,801,238,636,344,434,618,606,245,348,22.284163972200545,63.77150927267997,3.631025383729141,0.0,0.0,0.37908350986732076,3.7425205336901177,6.191697327832906,4.121604043557438,1109,34.943761291450556,100.0,5.693805000291392,9.709190512267615,6.463080599102511,4.948169140129764,17.189819141333626,7.9214996426804465,30.01484250453521,28.87141993293387,3.6502287747839346,3.6603965429588206,8352,81.30841121495327,437,4.254283489096573,84.91103202846975,3005,3951,2567,3329,4012,3380,3548,2186,929,11.168097521091166,14.683911249860632,9.540268331660906,12.372245140669715,14.910618054781283,12.561786895603374,13.186159735384845,8.124279927156502,3.4526331437915787,74.90029910269193,98.47956131605184,63.983050847457626,82.97607178464607,100.0,84.24725822532403,88.43469591226321,54.48654037886341,23.1555333998006,1185,8.419182948490231,71.05853411475292,0.8971854424426597,0.24600246002460024,27.47992185804211,23.00259403372244,71.77955108298282,2.6809229922559847,28.06,958.9094796863864
Southbury,20071,54.2,112887,8424,515,313,671,19763,15418,2667,311,1444,4234,2421,780,556,16908,553,2,497,0,233,500,1378,8966,5189,1858,8424,7433,991,1935,411600,9571,363,322,232,290,9426,7361,65,0,13,1915,224515,19144,17032,763,584,453,709,219,111,43,37,317,415,504,344,576,409,576,625,425,353,347,299,738,616,346,349,10676,343,417,599,186,147,99,41,348,221,465,609,548,274,727,721,504,496,359,512,930,803,633,694,2.476209456429675,84.24094464650491,2.7552189726471026,0.00996462557919386,0.0,1.160878879976085,2.491156394798465,6.865627024064571,3.6619999003537442,735,2.9394369529216937,100.0,3.27064111663118,8.149988171279867,4.347054648687012,3.3952335171785664,19.315086262809704,9.365676482033987,27.461408743027633,24.367622259696457,6.113485280151947,3.7155745489078824,7047,78.59692170421593,542,6.045059112201651,88.23599240265906,1797,1971,1521,1922,1807,2649,3295,3087,2022,8.953216082905685,9.82013850829555,7.578097752976933,9.576005181605302,9.003039210801655,13.19814657964227,16.416720641721888,15.380399581485726,10.074236460564995,54.537177541729896,59.81790591805767,46.16084977238239,58.33080424886191,54.840667678300456,80.39453717754172,100.0,93.68740515933233,61.365705614567524,1207,12.61101243339254,78.09251007850627,0.6895820072140887,0.13791640144281775,20.31614682792277,29.891492477699373,88.96782281654826,3.9855829502716253,39.01,514.5091002307101
Southington,43803,45.0,124309,17281,625,822,2142,43428,32054,6961,639,3443,8101,4684,762,350,37251,741,0,1354,0,303,1846,2308,17985,13257,1066,17281,14022,3259,1472,373800,24434,409,798,287,465,23902,19329,111,7,207,4141,475215,41953,36986,1022,859,947,1240,871,466,329,147,822,1052,1245,1373,1257,1340,1350,2127,528,909,578,694,1171,847,425,360,22866,991,1079,1329,887,218,213,299,1052,1152,1243,1541,1287,1246,1909,2039,637,630,601,679,1473,1111,554,696,3.091112480880305,85.04212040271214,1.6916649544551743,0.0,0.0,0.6917334429148688,4.214323219870785,5.269045499166724,4.906056662785653,2149,3.634801750288583,100.0,1.989208343400177,6.19580682397788,5.768972645029663,4.932301740812379,23.709989392899484,10.741249142072752,25.27297685156299,18.08198664753229,3.6166888490249405,4.756669174237603,14323,79.63858771198221,704,3.914373088685015,81.14113766564435,3876,5011,5066,5402,5130,7425,5256,4602,2035,8.848708992534759,11.43985571764491,11.56541789375157,12.332488642330434,11.711526607766592,16.950893774399013,11.999178138483666,10.506129717142661,4.645800515946396,52.20202020202021,67.48821548821549,68.22895622895622,72.75420875420875,69.0909090909091,100.0,70.78787878787878,61.97979797979798,27.40740740740741,1959,8.017516575263976,80.86770981507824,0.46439628482972134,0.8953225671491924,17.324910049368253,24.04812509488386,88.16056062736872,2.436059399804543,35.88,1220.819397993311
Sprague,2962,48.5,92850,1201,16,83,231,2865,2279,709,188,248,180,215,0,42,2381,79,0,113,0,0,94,295,1309,873,133,1201,807,394,1247,273500,1613,6,39,20,12,1577,1434,24,0,29,79,44395,2904,2737,59,25,79,38,51,0,40,35,29,44,144,132,45,68,120,143,86,73,54,63,72,72,19,25,1505,33,48,180,52,34,26,0,13,152,104,15,123,14,128,162,52,84,45,56,64,90,13,17,3.8149898717083053,80.38487508440242,2.6671168129642133,0.0,0.0,0.0,3.1735313977042536,9.959486833220797,3.1735313977042536,94,4.745905081898362,100.0,3.317933641327174,12.389752204955903,3.9479210415791686,8.06282722513089,39.35936814392277,10.881965774462483,7.898200965335674,11.276875822729266,1.3322231473771857,6.9109075770191515,1006,76.85255920550038,108,8.25057295645531,67.19400499583679,185,355,339,395,250,553,513,298,74,6.2457798784605,11.985145172180959,11.444969615124915,13.335584064821065,8.440243079000675,18.669817690749493,17.319378798109387,10.060769750168804,2.4983119513842,33.45388788426763,64.19529837251356,61.30198915009042,71.42857142857143,45.20795660036166,100.0,92.76672694394213,53.8878842676311,13.381555153707053,77,4.77371357718537,90.93214965123653,1.5218769816106532,1.8389346861128724,5.009511731135067,29.636181575433913,94.24931129476583,2.03168044077135,13.24,223.71601208459214
Stafford,11511,46.7,93235,4606,199,277,840,11318,8507,2663,637,775,1706,606,20,90,10224,20,5,1,0,32,493,736,5022,3541,284,4606,3662,944,1086,263800,5772,141,130,11,150,5634,4979,0,0,0,619,129355,10674,10158,301,418,201,417,173,85,56,36,112,184,402,393,349,272,452,289,216,311,268,243,460,161,99,35,5879,419,264,428,152,78,0,99,66,304,274,443,211,533,362,391,289,299,296,321,238,158,72,182,0.008687342541916427,88.81939014855355,0.17374685083832855,0.04343671270958214,0.0,0.2779949613413257,4.282859873164798,6.393884110850491,4.604291547215706,530,0.009780907668231613,100.0,0.19561815336463223,7.198748043818467,5.183881064162755,7.421805972786712,38.79158340190431,9.110144586810861,20.0540731162572,8.416598095685906,4.320451584889275,6.013894919669996,3825,76.16487455197132,416,8.283552369573876,79.5049934867564,1302,1333,857,1512,1365,1494,2243,1017,388,11.310919989575188,11.580227608374598,7.445052558422378,13.135261923377639,11.858222569715924,12.978889757623143,19.485709321518545,8.835027365129006,3.370688906263574,58.04725813642443,59.4293357111012,38.20775746767722,67.4097191261703,60.85599643334819,66.60722246990638,100.0,45.34106107891217,17.29826125724476,432,7.484407484407485,88.37415690450834,0.0,0.0,10.986865459708909,25.793619142572282,95.16582349634626,2.819936293798014,58.04,198.328738800827
Stamford,137144,38.4,111586,55291,5186,2300,13771,135843,98962,15885,1860,5498,29209,15262,4834,1877,59210,24257,98,10009,38,820,3902,38810,58655,19811,4575,55291,26990,28301,2276,624400,77914,1907,3365,1114,2370,76430,49485,7351,78,3721,14814,1758730,129359,76800,29161,4402,3047,3515,1858,1464,809,1027,2924,6597,5306,4988,4479,4158,4476,3936,1837,2048,1878,1769,2066,1520,1050,1109,70881,3383,3667,3423,1936,1445,852,649,3781,6124,5736,5337,4780,3993,4183,4642,1475,2675,2014,2307,2544,2169,1625,2141,7.298168348597095,43.173598553345386,17.68724843959634,0.07145773785218457,0.02770810243247973,0.5979116840692994,2.845184623461471,28.298722510645746,3.5422621478154346,4858,16.904239148792435,100.0,40.96774193548388,65.54636041209257,8.204695152845803,10.137438071891816,17.93112507831289,5.555667832097169,29.51536953578141,22.20347203977284,9.379465012388996,4.159809010508039,24386,41.57531327252579,3364,5.735231438070071,48.81445443200521,14499,13641,22763,21367,17410,17237,16003,8299,5925,10.572099399171673,9.946479612669895,16.597882517645687,15.57997433354722,12.694685877617687,12.56854109549087,11.668756927025608,6.051303739135507,4.320276497695852,63.69547072002811,59.92619601985678,100.0,93.86724069762333,76.48376751746255,75.72376224574968,70.3026841804683,36.458287571936914,26.02908228265167,8756,11.238031675950406,64.74551877534999,9.617951066335209,4.970561297919665,19.38244144969253,28.543397818748378,59.36966117548836,22.54269127003146,37.62,3645.507708665604
Sterling,3629,39.4,102695,1225,0,92,299,3622,2458,830,169,157,286,149,8,0,3033,16,38,104,0,0,221,217,1261,1013,99,1225,994,231,-666666666,283400,1865,116,31,69,34,1865,1602,0,0,37,216,58380,3357,3215,74,164,74,54,205,36,11,103,109,85,230,76,138,213,66,98,36,86,28,73,83,63,0,0,1598,108,33,94,96,37,0,5,42,85,123,69,120,126,141,137,75,81,33,28,39,89,37,0,2.8658032515844587,83.57674290438138,0.4408928079360706,1.0471204188481675,0.0,0.0,6.089831909616975,5.9796087076329565,7.136952328465142,259,3.428948236069898,100.0,0.5275304978569073,7.1546323771843054,8.539399934058688,8.255107675317504,40.642799023596424,6.387306753458096,11.635475996745322,6.387306753458096,0.0,7.5102040816326525,1112,88.18398096748612,36,2.8548770816812055,81.14285714285714,379,522,440,498,597,442,440,274,37,10.443648387985672,14.384127858914301,12.12455221824194,13.722788647010194,16.450812896114634,12.17966381923395,12.12455221824194,7.550289335905208,1.0195646183521632,63.484087102177554,87.43718592964824,73.70184254606366,83.41708542713567,100.0,74.03685092127303,73.70184254606366,45.89614740368509,6.197654941373535,250,13.404825737265416,85.89812332439678,0.0,1.9839142091152815,11.58176943699732,35.403274711946636,95.7700327673518,2.2043491212392015,27.22,133.32108743570905
Stonington,18478,52.8,114797,8702,558,459,1271,18193,14717,2545,289,1290,4360,2635,501,360,15798,389,59,339,0,102,1282,509,9900,7020,448,8702,6314,2388,1446,483400,9364,331,503,148,307,9278,7232,23,12,180,1697,178045,17787,16669,214,212,459,539,293,47,125,45,246,517,381,496,368,708,727,618,265,472,288,542,593,574,337,223,9403,479,307,435,248,122,58,41,105,394,392,570,491,536,519,911,354,586,247,501,738,607,374,388,1.834614135728975,85.49626582963525,2.105206191146228,0.3192986253923585,0.0,0.552007793051196,6.937980300898365,2.754627124147635,7.8092867193419195,1443,2.145841245727307,100.0,2.4623370046841373,3.2219268261805287,9.134067603494112,6.986203484856814,19.25664197866413,8.765373377726439,29.625603044098664,23.754841339947,6.412319007124799,5.2746495058607215,7468,75.43434343434343,1198,12.1010101010101,72.5580326361756,1457,1684,1531,1839,2103,2775,3255,2512,1322,7.88505249485875,9.11354042645308,8.285528736876286,9.952375798246564,11.381101850849658,15.017859075657539,17.615542807663168,13.594544864162788,7.154453945232168,44.761904761904766,51.7357910906298,47.035330261136714,56.497695852534555,64.60829493087557,85.25345622119815,100.0,77.17357910906298,40.61443932411674,1289,13.765484835540368,77.94783358482431,0.2478982539340375,2.0694115111015305,18.290579866350505,23.48568790397045,93.71451059762748,1.2031258784505539,38.64,478.20910973084887
Stratford,52790,45.7,95815,20613,1164,1291,3500,52463,38673,9806,1281,2935,8505,4642,1043,405,32384,6233,11,1046,0,692,1236,11188,21663,14836,1934,20613,16817,3796,1706,372200,27337,500,1334,230,727,26605,21266,979,17,239,3886,682195,50536,38739,7243,1019,1346,1445,1011,922,224,349,1096,1458,1454,1604,1545,1607,2325,1654,791,1123,1041,775,1060,798,710,459,26974,1235,986,1674,936,414,329,152,979,1230,1462,1343,1788,1841,2370,2093,867,1209,658,1107,1488,1169,803,841,1.9814358780071983,61.34495169539685,11.807160447054367,0.020837279787838604,0.0,1.3108543284713015,2.341352528888047,21.193407842394393,3.673044137147187,1939,3.229990118577075,100.0,19.24715909090909,34.54792490118577,5.9875247035573125,6.671368392962659,28.66858014635534,7.589274170609986,21.992087502909005,15.747420681095337,5.646921845437346,6.263037888711008,16770,77.41310067857637,1050,4.846974103309791,81.58443700577305,4586,6402,5817,5863,6781,8442,7571,4515,2813,8.687251373366166,12.127296836522069,11.01913241144156,11.106270126917977,12.845235840121235,15.991665088084863,14.341731388520554,8.552756203826481,5.328660731199091,54.32361999526179,75.83511016346837,68.90547263681593,69.45036721156124,80.32456763800047,100.0,89.68253968253968,53.482587064676615,33.32148779909974,2791,10.209606028459598,79.93234354444654,3.679759443713588,0.962225145649314,14.60627701559857,30.027510013644967,76.6562450530315,14.332357131549786,17.48,3020.0228832951943
Suffield,15702,44.5,119472,5297,261,245,634,13883,11559,2484,342,862,2905,1315,261,185,12539,1092,11,257,31,44,590,1138,5633,4474,306,5297,4592,705,1424,407500,7663,158,266,109,348,7609,6108,21,0,57,1401,159230,15153,13843,620,326,479,386,292,156,132,93,752,407,481,675,691,540,559,1037,159,332,262,262,226,237,105,206,6907,223,358,338,138,141,131,39,159,197,357,556,478,325,609,740,156,363,145,295,350,231,145,433,1.6367341739905745,79.85606929053624,6.954528085594191,0.07005477009298178,0.19742707935294868,0.2802190803719271,3.757483123169023,7.2474843968921165,4.30518405298688,676,2.0496052316771673,100.0,8.708828455219713,9.07568386633703,5.391179519897918,4.5667362961895845,24.448481702569428,7.457392508002422,25.131931828012803,15.234881910199844,4.927317349443081,4.625259580894847,4780,84.85709213562933,336,5.964849991123735,86.69057957334341,1386,1451,1910,2069,2034,2945,1974,1044,889,8.826901031715705,9.240861036810598,12.164055534326836,13.176665392943573,12.953763851738632,18.755572538530124,12.571646923958731,6.648834543370271,5.661699146605527,47.062818336162984,49.26994906621392,64.85568760611206,70.2546689303905,69.06621392190154,100.0,67.02886247877758,35.44991511035654,30.186757215619693,881,11.496802818739397,80.27336049415166,0.27598896044158233,0.7491128926271521,18.412406360888422,25.64916237113402,91.35484722497196,4.091599023295717,42.29,371.29344998817686
Thomaston,7492,41.5,103218,3097,191,237,175,7470,5405,1308,204,405,1263,536,29,8,5620,196,0,300,0,0,674,702,3349,2264,139,3097,2406,691,1037,282600,4058,78,278,21,54,4006,3528,26,0,115,304,98760,6988,6304,282,391,319,192,129,76,15,50,111,275,425,103,236,238,228,205,83,205,157,131,136,114,70,42,3561,113,103,225,64,124,0,53,122,184,338,225,152,325,289,221,61,216,31,223,209,120,112,51,4.00427122263748,75.01334757074213,2.616123865456487,0.0,0.0,0.0,8.996262680192205,9.369994660971702,8.996262680192205,674,5.338078291814947,100.0,3.4875444839857646,12.491103202846974,11.992882562277579,2.3427041499330654,27.9740980573543,7.493061979648474,23.367252543940793,10.601295097132285,6.167258637391024,7.652567000322893,2403,71.752762018513,252,7.524634219169901,77.68808524378431,926,810,810,1091,951,943,1107,579,275,12.359850507207689,10.811532301121197,10.811532301121197,14.562199679658303,12.693539775760811,12.58675920982381,14.775760811532301,7.7282434596903355,3.6705819540843567,83.64950316169828,73.17073170731707,73.17073170731707,98.5546522131888,85.90785907859079,85.18518518518519,100.0,52.30352303523035,24.841915085817526,431,10.620995564317399,88.06789815277084,0.6490264603095357,2.870693959061408,7.588617074388418,26.677471636952998,90.21179164281625,4.035489410417859,11.99,624.8540450375313
Thompson,9337,54.1,93629,4130,204,282,552,9309,7676,2902,139,823,955,643,38,42,8414,1,0,26,0,23,553,320,4417,3420,243,4130,3482,648,1012,291900,5453,34,195,119,307,5414,4662,0,0,29,711,149625,9100,8718,134,134,139,132,167,173,0,31,141,142,313,408,285,217,214,568,264,381,145,221,400,172,64,99,4527,103,152,62,172,13,80,14,148,94,433,223,165,222,509,712,112,132,236,277,491,66,21,90,0.27846203277283926,90.1145978365642,0.01071007818357074,0.0,0.0,0.246331798222127,5.922673235514619,3.427225018742637,6.169005033736746,576,0.30900879486570004,100.0,0.01188495364868077,3.803185167577847,6.845733301640124,5.929745407669997,39.61698801459093,10.721730067743616,12.44137571651902,9.418968212610734,4.939467312348668,6.828087167070218,3663,82.92959021960607,287,6.497622820919176,84.30992736077482,528,719,650,1377,889,2003,1768,1129,274,5.65492128092535,7.700546213987362,6.961550819320982,14.74777765877691,9.521259505194388,21.45228660169219,18.93541822855307,12.091678269251366,2.934561422298383,26.360459311033452,35.896155766350475,32.45132301547679,68.74687968047928,44.38342486270594,100.0,88.26759860209685,56.3654518222666,13.679480778831751,655,12.01173665871997,86.1100849649058,0.0,0.5356483191725157,13.132619135574435,31.81479906442696,95.8021978021978,1.4725274725274726,46.91,199.04071626518868
Tolland,14606,41.4,133264,5320,60,62,771,14488,9924,1786,101,707,3121,1897,359,198,12297,85,0,153,0,29,788,1254,5537,4971,88,5320,4824,496,1680,365500,8267,132,314,108,133,8162,6357,0,0,46,1678,206245,13950,13018,452,373,270,633,383,164,31,58,314,494,412,484,418,458,464,480,308,458,185,132,297,366,91,31,7302,283,416,524,425,102,16,73,617,165,401,395,474,495,519,496,165,605,108,210,361,201,106,145,1.0475147199780912,84.19142818019992,0.5819526222100506,0.0,0.0,0.1985485416951938,5.395043132959057,8.58551280295769,5.5935916746542516,817,1.2442059038789948,100.0,0.6912255021549971,10.197609172969017,6.643896885419208,5.3216454997239095,19.014510278113665,7.124143490528014,31.44901249496171,24.7279322853688,1.1278195488721803,1.1654135338345866,5059,91.36716633556077,217,3.919089759797725,90.67669172932331,1342,2231,1768,1692,1845,1959,2171,1225,373,9.188004929481036,15.274544707654389,12.104614541969054,11.58428043269889,12.631795152676982,13.412296316582225,14.86375462138847,8.386964261262495,2.5537450362864575,60.152398027790234,100.0,79.24697445091887,75.84043030031377,82.69834155087405,87.80815777678171,97.31062303899597,54.908112953832365,16.71896010757508,687,8.310148784323212,77.88532222494486,0.0,0.5635873560401863,20.558686596422447,31.808297347316472,93.3189964157706,3.240143369175627,39.63,368.55917234418365
Torrington,35547,42.9,70856,15396,1237,1007,4810,35005,26285,7991,1479,2454,4139,2082,211,93,24822,1998,5,1198,0,150,1635,5739,16874,9544,741,15396,10170,5226,1169,215500,18348,351,589,141,539,18039,15783,59,0,468,1625,410105,33806,28189,3617,859,1152,842,534,474,246,326,513,1209,1045,967,1277,1018,1248,1343,419,643,478,473,902,518,383,314,18364,882,571,928,605,484,212,174,460,1670,1362,1225,647,1006,1473,1198,730,981,387,830,805,706,429,599,3.370185950994458,69.82867752552959,5.620727487551693,0.014065884603482712,0.0,0.42197653810448144,4.599544265338848,16.144822347877458,5.035586688046812,1790,4.8263637096124405,100.0,8.049311094996375,23.12061880589799,7.211344774796552,13.740894157977431,36.028152938938554,9.336123264219136,15.746623549552977,9.077420582081034,8.034554429722006,6.540659911665368,10285,60.95176010430248,1478,8.759037572596895,66.05611847233047,3464,3867,4810,4599,3948,5262,4941,2931,1725,9.744844853292824,10.87855515233353,13.53138098855037,12.937800658283399,11.10642248290995,14.802936956705206,13.899907165161618,8.245421554561567,4.8527301882015355,65.83048270619535,73.48916761687572,91.41011022424934,87.40022805017104,75.0285062713797,100.0,93.89965792474344,55.701254275940705,32.782212086659065,1620,8.829300196206672,87.49376351238982,0.3270691280004435,2.5943788458340262,9.008259881368147,24.985073717558183,83.38460628290835,10.699284150742471,39.76,894.0392354124749
Trumbull,37281,41.7,163073,12153,402,533,1970,37012,24823,4378,241,1538,8187,5161,1093,472,27658,823,107,3395,0,508,1325,3465,12800,10795,543,12153,10898,1255,2266,547300,17738,503,652,268,255,17609,12813,503,0,43,3957,452750,34878,27654,2163,1249,1504,1544,945,343,229,68,527,703,863,971,1400,1440,1662,1247,353,620,462,481,787,431,485,334,18633,1154,1209,1262,1177,253,104,248,642,646,668,1312,1248,1260,1391,1165,381,745,395,628,929,463,630,723,9.106515383171052,74.18792414366567,2.2075588101177543,0.2870094686301333,0.0,1.362624393122502,3.554089214345109,9.294278586947776,5.203723076097744,1940,12.274929495986695,100.0,2.9756309205293223,12.528020825800857,7.014245426278112,5.322598076299578,18.60774281915965,6.19586673649438,32.98150908431696,27.095838536840834,3.3078252283386815,4.38574837488686,11338,88.578125,647,5.0546875,89.67333168764914,5116,5524,3167,3814,5348,5465,4065,2610,2172,13.722807864595907,14.817199109465948,8.494943805155442,10.230412274348865,14.345108768541618,14.658941551996996,10.90367747646254,7.000885169389233,5.826023980043454,92.61404779145546,100.0,57.331643736422876,69.04417089065895,96.81390296886315,98.93193338160754,73.58797972483707,47.24837074583635,39.31933381607531,1678,9.459916563310406,72.76392753705491,2.8564938383781024,0.24419331023908228,22.471463456187177,33.163639027248756,79.28780319972476,6.201617065198692,23.24,1604.173838209983
Union,944,49.9,88958,425,11,21,54,944,746,233,29,130,100,70,0,9,838,3,8,8,0,7,10,70,440,433,7,425,395,30,-666666666,330400,481,16,15,4,10,479,425,0,0,4,43,13870,928,847,51,7,8,2,16,6,4,0,11,23,9,25,30,42,30,59,23,15,18,17,24,27,18,5,525,9,23,78,17,8,3,0,6,7,26,28,54,31,40,41,8,24,27,15,27,17,15,21,0.847457627118644,88.77118644067797,0.31779661016949157,0.847457627118644,0.0,0.7415254237288136,1.059322033898305,7.415254237288135,2.6483050847457625,25,0.9546539379474941,100.0,0.3579952267303103,8.353221957040573,2.983293556085919,5.720338983050848,35.120643431635386,17.426273458445042,13.404825737265416,10.589812332439678,2.588235294117647,4.941176470588235,440,100.0,15,3.4090909090909087,92.94117647058823,47,127,54,88,157,170,147,95,59,4.978813559322034,13.453389830508474,5.720338983050848,9.322033898305085,16.63135593220339,18.008474576271187,15.572033898305085,10.063559322033898,6.25,27.647058823529413,74.70588235294117,31.76470588235294,51.76470588235295,92.3529411764706,100.0,86.47058823529412,55.88235294117647,34.705882352941174,45,9.355509355509357,88.72651356993737,0.0,0.8350730688935281,8.977035490605429,31.81192660550459,91.27155172413794,5.495689655172414,28.85,32.7209705372617
Vernon,30577,39.4,85356,13611,1041,643,4061,30319,22635,5355,1076,2062,5345,2685,271,290,21657,1678,236,2153,3,72,1346,3432,14449,6497,694,13611,7238,6373,1425,275500,16751,193,316,120,382,16416,13467,335,0,268,2204,383515,29031,23954,1864,761,743,804,457,324,185,118,869,1485,1482,953,707,729,630,948,446,758,607,365,617,349,327,224,15689,785,715,427,487,316,240,88,623,1396,1273,901,794,989,964,1236,435,809,513,624,777,512,422,363,7.041240147823527,70.82774634529221,5.4877849363900975,0.7718219576806096,0.009811296072211139,0.23547110573306734,4.402001504398731,11.224122706609544,5.419105863884619,1657,9.941358452232533,100.0,7.7480722168352045,15.847070231333982,7.651105878007111,13.394241234869225,28.411751711950515,9.10978573006406,23.613872321625802,14.340622929092115,7.648225699801631,4.724120196899566,7191,49.76815004498581,838,5.7997093224444605,53.177576959811915,3004,2815,5004,4609,3219,3778,4557,2255,1336,9.82437780030742,9.206266147758118,16.365241848448182,15.073421198940379,10.527520685482553,12.355692186937894,14.903358733688721,7.374824214278706,4.369297184158027,60.03197442046363,56.25499600319744,100.0,92.10631494804157,64.32853717026379,75.4996003197442,91.06714628297362,45.06394884092726,26.698641087130298,1011,6.0354605695182375,82.0358187134503,2.0406920077972712,1.6325536062378168,13.425925925925927,26.985294117647058,82.51179773345734,6.420722675760395,17.7,1727.5141242937855
Voluntown,2604,48.3,101964,1117,98,69,191,2604,1901,622,84,326,307,135,4,61,2285,0,0,9,45,12,247,6,1175,1028,20,1117,933,184,1166,356100,1523,56,63,8,27,1508,1359,0,0,9,134,43150,2535,2469,6,41,28,78,58,20,17,3,88,17,76,45,73,127,143,88,64,76,33,54,74,54,10,16,1321,28,54,74,66,70,21,8,49,82,51,28,97,188,108,76,63,40,19,37,79,33,24,26,0.3456221198156682,87.74961597542243,0.0,0.0,1.7281105990783412,0.4608294930875576,9.485407066052227,0.2304147465437788,11.674347158218126,304,0.39387308533916854,100.0,0.0,0.26258205689277897,13.304157549234136,7.334869431643626,37.1383482377696,17.148869016307206,16.149395055234088,10.520778537611783,8.773500447627573,6.177260519247986,1048,89.19148936170212,58,4.9361702127659575,83.52730528200537,151,366,285,200,485,415,386,240,76,5.798771121351766,14.055299539170507,10.944700460829493,7.680491551459294,18.625192012288785,15.937019969278035,14.823348694316435,9.216589861751153,2.9185867895545314,31.1340206185567,75.4639175257732,58.76288659793815,41.23711340206185,100.0,85.56701030927834,79.58762886597938,49.48453608247423,15.670103092783505,154,10.111621799080762,90.11936339522546,0.0,0.5968169761273209,8.885941644562333,31.404657933042213,97.39644970414201,0.2366863905325444,38.97,66.82063125481139
Wallingford,44362,42.6,104773,18538,982,925,2348,43841,33039,8431,1173,2740,7826,4351,775,381,35216,934,4,1065,12,272,1320,5539,19418,11902,1268,18538,13498,5040,1374,353100,23616,455,796,208,347,23205,19456,101,7,340,3091,488710,41915,36113,3439,1071,1060,1008,728,510,280,123,696,1565,1729,1432,1646,1157,1769,1422,579,822,425,948,1071,465,680,321,22855,1376,1079,1051,967,398,218,269,489,1406,1737,1154,1509,1143,1428,1695,499,942,457,813,1263,988,888,1086,2.4007033046300887,79.38325593976828,2.1054055272530547,0.009016726026779677,0.027050178080339028,0.613137369821018,2.9755195888372934,12.485911365583156,3.62472386276543,1608,3.0241935483870965,100.0,2.652203543843708,15.728646069968194,4.566106315311222,5.355717250975115,29.068676412724354,8.293229213959261,23.687157601622324,16.668180029661915,5.297227316862661,4.98975078217715,13170,67.82366876094346,880,4.5318776393037385,72.81260114359694,4586,4662,5046,6052,5455,6314,5485,3787,2975,10.3376763897029,10.508994184211714,11.374599882782562,13.642306478517648,12.296560119020782,14.232902033271719,12.364185564221632,8.536585365853659,6.706189982417385,72.63224580297751,73.8359201773836,79.91764333227748,95.85049097244219,86.3953120050681,100.0,86.87044662654418,59.97782705099778,47.11751662971175,1806,7.647357723577236,83.84399913811679,0.4352510234863176,1.495367377720319,13.320405085110968,24.297007059759373,86.15770010736014,8.204699988071095,39.16,1132.8396322778347
Warren,1415,52.0,134583,597,6,3,95,1415,999,165,31,105,299,213,32,6,1079,0,0,109,0,3,39,185,729,719,10,597,557,40,-666666666,450000,760,36,57,15,30,754,566,9,0,41,120,19890,1393,1360,13,13,24,12,41,130,81,0,15,22,6,25,28,28,45,91,34,40,26,31,51,24,16,30,602,9,35,9,15,13,6,8,5,27,9,20,28,41,63,52,26,49,25,43,44,24,34,17,7.703180212014134,76.25441696113074,0.0,0.0,0.0,0.21201413427561835,2.756183745583039,13.074204946996467,2.9681978798586575,42,10.101946246524559,100.0,0.0,17.145505097312327,3.8924930491195555,6.713780918727916,19.61961961961962,10.51051051051051,29.929929929929934,25.125125125125123,1.0050251256281406,0.5025125628140703,729,100.0,132,18.106995884773664,93.2998324958124,81,220,164,60,125,251,274,143,97,5.724381625441696,15.547703180212014,11.590106007067137,4.240282685512367,8.8339222614841,17.73851590106007,19.363957597173144,10.10600706713781,6.855123674911661,29.56204379562044,80.2919708029197,59.854014598540154,21.897810218978105,45.62043795620438,91.6058394160584,100.0,52.18978102189781,35.4014598540146,138,18.157894736842106,75.06631299734748,1.1936339522546418,5.437665782493369,15.915119363395224,31.37223974763407,97.63101220387652,0.9332376166547021,26.31,53.78183200304067
Washington,3676,49.9,101549,1399,47,69,324,3604,2777,606,78,193,833,339,226,92,3115,16,0,54,0,0,29,462,1893,1720,78,1399,1105,294,1204,660200,1905,104,161,61,157,1905,1236,37,0,210,383,38820,3568,3100,351,77,34,139,74,17,0,0,30,85,51,78,125,82,14,215,27,149,46,50,189,39,62,61,2032,31,65,201,76,36,33,48,38,182,99,59,72,112,146,167,14,110,87,99,188,89,23,57,1.4689880304679,84.73884657236125,0.4352557127312296,0.0,0.0,0.0,0.7889009793253536,12.568008705114256,0.7889009793253536,29,1.7335473515248798,100.0,0.5136436597110755,14.831460674157308,0.9309791332263242,8.990011098779133,24.630896651062297,6.9499459848757645,29.996398991717683,23.658624414836154,3.3595425303788424,4.932094353109364,1798,94.98151082937136,494,26.096143687268885,78.98498927805575,207,543,416,287,391,542,582,505,203,5.6311207834602826,14.771490750816104,11.31664853101197,7.807399347116431,10.636561479869423,14.744287268770403,15.832426550598477,13.737758433079433,5.522306855277476,35.56701030927835,93.29896907216495,71.47766323024055,49.312714776632305,67.18213058419244,93.12714776632302,100.0,86.76975945017182,34.87972508591065,483,25.354330708661415,64.88188976377953,1.942257217847769,11.023622047244094,20.10498687664042,25.505913272010513,86.88340807174887,9.837443946188342,38.07,96.55897031783556
Waterbury,114869,37.8,51886,45663,8518,4807,27945,113291,77847,23610,4608,6802,8055,4034,967,411,33693,26464,24,2853,52,1590,5915,44278,49956,20562,2914,45663,21569,24094,1225,208500,49400,935,1824,541,1159,48551,40048,1910,26,1016,4017,1245045,107620,65329,30603,3663,3907,3779,2280,1577,499,722,2274,3661,4124,3481,3838,3228,3163,3723,1185,2217,1343,1158,2277,1267,678,754,60071,3586,3249,3851,2298,1634,621,850,2232,4187,4390,4139,3856,3704,3999,3654,1621,2084,1368,1533,2983,1619,1084,1529,2.483698822136521,29.331673471519732,23.0384176757872,0.02089336548590133,0.04526895855278622,1.3841854634409632,5.149344035379432,38.54651820769747,6.599691822859082,7581,6.443380459822033,76.09422286462802,59.76783052531731,100.0,17.121369528885673,24.66656662929977,36.248024972060584,8.737652061094197,10.347219546032603,6.952098346757101,18.65405251516545,10.52712261568447,23476,46.993354151653456,4293,8.593562334854672,47.2351794669645,14405,15419,15046,16134,14626,14539,12509,8146,4045,12.540372076017029,13.423116767796358,13.098399045869643,14.045564947897171,12.73276514986637,12.657026699979978,10.889796202630823,7.09155646867301,3.5214026412696198,89.28350068179,95.56836494359737,93.25647700508244,100.0,90.65327879013265,90.11404487417876,77.53192016858807,50.48964918805008,25.071278046361723,4459,9.026315789473683,82.48645753949455,3.9340075384647073,2.1461967827645156,8.273773969640171,27.95717878474873,60.70340085485969,28.43616428173202,28.52,4027.664796633941
Waterford,19673,46.0,104820,8106,389,477,893,19303,14548,3926,441,1063,3415,2057,265,164,15873,484,37,802,0,76,827,1574,8990,7234,602,8106,6460,1646,1651,355900,9362,242,268,78,184,9413,8233,86,11,46,959,182245,18800,17110,719,404,611,658,269,132,104,115,372,767,493,457,514,640,684,743,167,520,235,394,534,265,300,259,10036,469,376,621,346,241,65,102,240,586,640,386,687,701,757,703,282,372,202,457,590,532,258,423,4.076653281146749,80.68418644843186,2.460224673410258,0.18807502668632137,0.0,0.3863162710313628,4.203731001880751,8.000813297412696,4.778122299598435,940,5.052605052605052,100.0,3.0492030492030495,9.916209916209914,5.922005922005923,4.626223903020256,30.017871872422326,7.306846301897169,23.474017047016773,17.08825955457795,4.798914384406612,5.884529977794227,7836,87.16351501668521,884,9.833147942157954,79.69405378731803,1860,2267,2351,1976,2542,2887,2629,1921,1240,9.454582422609668,11.523407716159204,11.950388857825446,10.044223046815432,12.921262644233215,14.674935190362426,13.363493112387538,9.76465206120063,6.303054948406446,64.42674056113613,78.52441981295463,81.43401454797367,68.44475233806719,88.04987876688604,100.0,91.06338759958435,66.5396605472809,42.951160374090755,772,8.246101260414441,87.46414533092532,0.9136300860512058,0.6055455221502178,10.18803782003612,21.557251005441213,91.01063829787233,3.824468085106383,32.7,601.6207951070336
Watertown,22253,46.3,101691,8772,413,454,960,22131,17005,4041,514,1567,3594,2342,313,314,18306,248,0,573,0,193,660,2273,9417,7334,434,8772,7363,1409,1275,333500,12261,433,251,92,192,12139,10452,41,0,158,1227,261130,21434,18515,1050,373,538,748,425,265,35,159,230,648,668,617,575,804,723,882,296,354,328,343,648,515,300,238,11541,446,485,683,247,131,48,74,361,559,956,753,575,755,835,723,472,615,257,516,838,469,235,508,2.574933716802229,82.26306565406911,1.114456477778277,0.0,0.0,0.8672987911742237,2.9658922392486406,10.214353120927514,3.8331910304228645,853,3.1301212717141924,100.0,1.3547470774609418,12.41669398011581,4.659674423686224,4.337806696489087,26.786239341370184,9.214936783299029,21.134960305792415,17.459570714495737,4.708162334701322,5.1755585955312355,7768,82.48911542954231,645,6.8493150684931505,83.93752849977201,1842,2499,2114,2994,2709,3163,3181,2470,1281,8.277535613175752,11.229946524064172,9.499842717835797,13.45436570350065,12.173639509279647,14.213813867793107,14.294701837954433,11.099627016582033,5.756527209814407,57.90631876768312,78.56020119459289,66.45708896573404,94.12134548883999,85.16189877397045,99.43414020748193,100.0,77.648538195536,40.27035523420308,968,7.89495147214746,86.10264436938793,0.3377543454979817,1.3015899167971003,10.107916632342038,23.930535190615835,86.38145003265839,4.8987589810581325,29.01,767.0803171320234
West Hartford,63620,40.8,129890,25885,2309,1037,3953,62469,44914,5187,678,2570,14666,9708,3653,1885,42650,5057,14,4916,0,595,2962,7426,27040,17146,906,25885,17456,8429,1756,411000,33726,790,1066,379,1217,33242,24212,479,170,507,7496,573745,60565,46244,5047,1633,1643,2053,1549,943,290,266,1014,2076,1844,1957,2049,1760,1752,1880,757,1266,635,1094,1466,994,605,801,33293,1422,1917,1969,1505,510,206,268,1518,2730,1792,2125,2029,2351,1731,2104,968,1212,547,1228,1545,1344,901,1371,7.727129833385728,67.03866708582207,7.948758252121975,0.02200565859792518,0.0,0.9352404904118202,4.65576862621817,11.672430053442314,5.613014775227915,3571,11.526377491207503,100.0,11.856975381008207,17.411488862837047,8.372801875732709,6.327938657574157,13.058289174867523,5.72204657790444,32.65351560760565,33.94487242285256,8.920224067993047,4.006181186015067,18052,66.7603550295858,1155,4.271449704142012,67.43673942437705,6615,8529,8368,7718,8189,7467,7707,5349,3678,10.39767368751965,13.40616158440742,13.15309651053128,12.131405218484753,12.871738447029236,11.736875196479096,12.114115058157813,8.407733417164414,5.781200880226344,77.5589166373549,100.0,98.11232266385274,90.49126509555634,96.01360065658342,87.5483644037988,90.36229335209286,62.715441435103756,43.1234611326064,3452,10.235426673782838,72.83556946032128,1.440948198062692,2.0365802298297333,22.549786414776488,22.284820943059117,76.35433005861472,8.333195740113927,21.84,2913.003663003663
West Haven,55351,35.8,74382,20938,2272,1147,7305,51730,35839,10415,1393,2360,6289,3364,733,536,24086,10885,61,2936,68,617,1544,15154,21973,10149,833,20938,10590,10348,1442,291700,27004,337,657,224,580,26208,22160,794,7,673,2409,544435,52323,35543,9451,1560,1453,1662,1034,1328,508,660,1653,2192,1847,1871,1274,1429,1374,1378,679,973,574,725,1372,837,272,194,28502,1468,1391,1690,953,1368,898,497,1389,1797,1822,1966,1496,1538,1709,1857,823,975,508,820,1371,891,587,688,5.304330545066936,43.51502231215335,19.665408032375208,0.11020577767339344,0.12285234232443858,1.1147043413849795,2.789470831601958,27.378005817419737,4.137233292984769,2290,12.189653740762267,100.0,45.192227850203444,62.91621688947936,9.507597774640868,14.121399574714866,32.94734786126845,6.585005161974386,17.54792265409191,12.927258015011581,10.851084153214252,5.478078135447512,10982,49.97952032039321,1035,4.710326309561735,50.577896647244245,5872,8035,9594,7506,5737,6318,6077,4471,1741,10.608661090133872,14.516449567306825,17.33302018030388,13.560730610106411,10.364763057578003,11.414427923614749,10.979024769200194,8.077541507831837,3.1453812939242294,61.2049197415051,83.75026057952887,100.0,78.23639774859286,59.79779028559516,65.85365853658537,63.341671878257245,46.602042943506355,18.146758390660832,1798,6.658272848466893,84.55433455433456,3.0296092796092795,2.5946275946275947,9.191849816849818,22.876381360561368,67.92997343424499,18.06280220935344,10.75,5148.930232558139
Westbrook,6856,58.2,91202,3523,224,178,478,6821,5891,1373,117,412,1280,849,134,198,5196,60,0,75,0,0,458,1067,4231,3343,116,3523,2662,861,1425,434300,3773,150,112,183,169,3743,2662,147,0,167,713,64790,6783,5316,934,43,50,93,89,30,34,8,114,140,299,213,215,125,195,300,99,160,188,137,326,222,70,101,3605,30,111,144,99,0,38,11,71,54,192,211,112,140,299,337,197,132,177,111,349,339,301,150,1.0939323220536756,75.78763127187864,0.8751458576429404,0.0,0.0,0.0,6.680280046674445,15.563010501750291,6.680280046674445,458,1.4434180138568131,100.0,1.1547344110854503,20.53502694380293,8.814472671285605,7.007770121683038,25.292819555253775,6.993719232727889,21.72805975216432,20.047530130707862,6.358217428328129,5.052512063582174,3459,81.75372252422595,708,16.733632710943038,75.56060175986376,234,455,470,915,592,1131,1201,1236,622,3.413068844807468,6.636522753792298,6.855309218203034,13.345974329054844,8.634772462077013,16.496499416569428,17.517502917152857,18.028004667444574,9.072345390898482,18.932038834951456,36.81229773462783,38.02588996763754,74.02912621359224,47.896440129449836,91.50485436893204,97.168284789644,100.0,50.323624595469255,614,16.273522395971376,71.11942292278921,3.9273310179000798,4.4616617686347855,19.048891263692227,21.382838283828384,78.37240159221584,13.769718413681261,15.77,434.7495244134433
Weston,10396,45.7,250001,3568,19,114,190,10396,7010,373,1,344,2582,2180,778,329,8009,185,22,574,0,30,591,985,3822,3691,119,3568,3459,109,3501,996700,4939,357,232,157,288,4895,2057,557,0,23,2196,125850,9782,8165,468,322,335,454,193,40,108,60,78,169,188,300,157,369,474,576,171,172,113,179,192,138,135,81,5392,292,339,345,460,118,42,8,192,163,207,218,325,442,460,374,243,203,159,133,278,152,64,175,5.521354367064255,77.03924586379377,1.779530588687957,0.21161985378991918,0.0,0.2885725278953444,5.684878799538284,9.474797999230473,6.185071181223547,643,7.166937195654888,100.0,2.3099013609689103,12.29866400299663,8.028467973529779,1.8276260100038477,5.335235378031384,4.907275320970043,36.83309557774608,46.89015691868759,0.5325112107623318,3.195067264573991,3810,99.68602825745683,254,6.6457352171637885,96.94506726457399,1288,1610,820,913,1293,1884,1373,760,455,12.389380530973451,15.486725663716813,7.887649095806079,8.782223932281646,12.437475952289342,18.122354751827626,13.207002693343595,7.310504040015391,4.376683339746056,68.36518046709129,85.45647558386412,43.524416135881104,48.460721868365184,68.63057324840764,100.0,72.87685774946921,40.339702760084926,24.150743099787686,1034,20.93541202672606,42.02247191011236,11.378958120531154,0.4698672114402451,44.86210418794688,46.62838088180808,83.46963811081578,4.784297689634022,19.77,525.8472432979262
Westport,27528,45.4,250001,9778,164,94,867,27318,18215,1272,172,677,6989,4996,1872,692,21433,447,20,1564,30,244,1343,2447,10363,9091,472,9778,8681,1097,2509,1405200,12221,852,603,359,622,11970,5275,1287,17,274,4970,285950,25897,21794,1231,667,1019,1309,847,253,17,69,536,282,342,580,820,1148,1084,1024,446,768,304,440,635,481,259,277,13921,964,1215,1165,505,206,62,223,256,311,420,458,1034,981,1123,1345,359,604,182,655,761,434,274,384,5.681487939552456,77.85890729439117,1.6238012205754142,0.07265329845975008,0.1089799476896251,0.8863702412089509,4.8786689915722175,8.889131066550421,5.946672478930544,1637,7.297158587225307,100.0,2.085568982410302,11.416973825409414,7.637754863994774,3.173731605534812,7.9275322536371124,3.7167169914905296,38.369475706835026,41.504254735108425,1.6772346083043566,0.9613417876866435,9563,92.28022773328188,585,5.645083470037634,88.78093679689097,3865,4285,1756,1800,3983,4576,3758,2311,1194,14.040249927346702,15.565969195001452,6.378959604766056,6.538796861377507,14.468904388259226,16.623074687590815,13.651554780587038,8.395088637024122,4.337401918047079,84.46241258741259,93.64073426573427,38.37412587412587,39.33566433566433,87.04108391608392,100.0,82.12412587412588,50.50262237762237,26.092657342657343,2436,19.932902381147205,44.06850459482038,10.751879699248121,2.431077694235589,41.52046783625731,40.85,84.15646599992277,4.753446345136502,19.96,1379.1583166332664
Wethersfield,27250,43.4,126806,11212,673,743,1886,27207,19655,2945,451,1390,5647,3945,591,588,20385,927,0,1906,0,168,495,3369,11747,8601,730,11212,9034,2178,1370,324600,14537,310,158,83,263,14262,11081,92,84,159,2566,247650,25637,18901,2032,851,600,837,703,187,196,107,270,827,812,855,1066,737,1111,778,265,536,273,473,555,470,381,386,13974,762,740,824,428,253,55,117,665,772,696,882,973,978,962,674,451,729,298,524,704,729,316,442,6.994495412844037,74.80733944954129,3.401834862385321,0.0,0.0,0.6165137614678899,1.81651376146789,12.363302752293578,2.43302752293578,663,9.350012263919547,100.0,4.547461368653421,16.526857983811624,3.252391464311994,6.932039548645569,17.27804629865174,7.071991859577715,28.73060290002544,26.069702365810226,6.002497324295398,6.626828398144845,9331,79.43304673533667,535,4.554354303226356,80.5743845879415,2953,3232,3009,3245,3754,3525,3549,2458,1525,10.836697247706422,11.860550458715597,11.042201834862384,11.908256880733944,13.776146788990825,12.935779816513762,13.023853211009174,9.020183486238533,5.596330275229358,78.66275972296218,86.09483217900906,80.15450186467767,86.4411294619073,100.0,93.89984017048482,94.53915823122003,65.47682472029834,40.62333510921683,814,5.599504712113916,77.69597531902959,0.6450708175571448,1.703828355069415,17.991866498387324,21.17390560875513,73.72547489955923,7.926044388969069,12.3,2215.4471544715448
Willington,5575,37.5,91114,2627,152,206,726,5575,3929,991,171,529,721,508,43,34,4576,14,0,244,0,0,289,452,2717,1715,0,2627,1682,945,1357,305800,3010,60,106,0,77,2995,2663,0,0,0,313,70885,5351,4799,242,116,28,54,53,61,0,264,245,294,202,162,67,96,65,233,111,80,193,93,159,238,30,31,2700,108,152,93,112,114,112,0,134,190,216,241,31,56,153,231,87,116,89,43,241,107,59,15,4.376681614349776,82.08071748878923,0.25112107623318386,0.0,0.0,0.0,5.183856502242152,8.10762331838565,5.183856502242152,289,5.3321678321678325,100.0,0.30594405594405594,9.877622377622378,6.31555944055944,13.022421524663677,29.57495545940443,13.463985747009415,18.35072537541359,14.889284805293968,5.786067757898744,7.841644461362771,1715,63.121089436878904,90,3.312476996687523,64.02740768937953,404,487,1239,821,250,682,812,745,135,7.246636771300448,8.73542600896861,22.22421524663677,14.726457399103138,4.484304932735426,12.233183856502242,14.565022421524665,13.363228699551568,2.4215246636771304,32.606941081517355,39.30589184826473,100.0,66.2631154156578,20.177562550443906,55.044390637610974,65.5367231638418,60.129136400322835,10.895883777239709,243,8.073089700996677,88.91485809682804,0.0,0.0,10.45075125208681,26.429903057419835,89.68417118295645,4.522519155298075,33.29,167.46770802042656
Wilton,18777,43.1,242199,6122,183,74,440,18546,12167,1274,162,469,4649,3290,863,347,13851,666,25,1199,0,260,1556,1220,6408,5356,307,6122,5422,700,1819,928800,9411,578,477,146,380,9266,5121,736,60,84,3135,220170,17874,14628,524,446,948,775,695,306,54,31,268,281,145,555,621,673,800,759,280,396,209,336,240,251,160,210,9338,457,675,652,479,111,311,78,324,313,154,632,616,590,952,734,273,387,199,308,289,384,205,215,6.38547158758055,73.76577728071577,3.546892474836236,0.13314160941577463,0.0,1.384672737924056,8.286733770037811,6.497310539489802,9.804548117377642,1841,8.656414699299688,100.0,4.808317089018844,8.80802830120569,13.291459100425962,2.372479240806643,11.802416372154187,3.8546889126325303,38.20991205720391,36.98528807429933,2.98921920940869,1.2087553087226397,5663,88.37390761548065,286,4.463171036204744,88.56582816073178,2526,3018,1660,1486,2500,3245,2388,1164,790,13.452628215369867,16.072855088672313,8.840602865207435,7.913937263673643,13.314160941577462,17.281780902167547,12.717686531394792,6.199073334398466,4.207274857538478,77.84283513097073,93.00462249614792,51.15562403697997,45.79352850539291,77.04160246533128,100.0,73.59013867488444,35.87057010785825,24.345146379044685,1581,16.799489958559132,55.26656593999568,7.943017483272177,1.554068638031513,33.8333693071444,35.91094438101452,81.8395434709634,2.931632538883294,26.79,700.895856662934
Winchester,10284,49.1,66519,5043,487,428,1300,10132,8087,2207,538,800,1171,875,77,124,8912,199,0,5,0,86,375,707,5519,3127,185,5043,3316,1727,1174,249500,5004,148,203,25,18,4912,4277,59,0,206,339,120590,9799,8989,327,284,209,188,77,46,67,48,160,260,407,345,256,378,221,292,260,395,119,304,367,152,95,310,5044,201,201,110,318,49,31,38,170,149,224,528,230,222,191,436,178,301,133,244,368,229,95,398,0.048619214313496695,86.65888759237652,1.9350447296771685,0.0,0.0,0.8362504861921431,3.646441073512252,6.874756903928432,4.482691559704396,461,0.05610412926391382,100.0,2.23294434470377,7.933123877917414,5.172800718132855,12.830635609948676,33.94336589588228,9.892419933226165,14.4800296772598,13.305304810189192,9.656950228038866,8.487011699385286,3312,60.01087153469832,476,8.624750860663163,65.75451120364862,895,788,923,1504,1086,1140,1934,1116,898,8.702839362115908,7.662388175807079,8.97510696227149,14.624659665499806,10.560093348891481,11.085180863477246,18.805912096460524,10.851808634772462,8.732010890704005,46.27714581178904,40.74457083764219,47.724922440537746,77.76628748707343,56.153050672182005,58.94519131334023,100.0,57.70423991726991,46.43226473629783,394,7.873701039168665,87.07247557003257,1.2011400651465798,4.193811074918567,6.901465798045603,26.369997813251693,91.73385039289724,3.337075211756302,32.52,316.2361623616236
Windham,23961,33.7,55736,9297,1143,837,4422,21383,15002,4413,824,1262,1874,1166,107,256,12221,985,0,297,12,61,939,9446,9822,4292,459,9297,4409,4888,1107,209800,11125,174,215,94,254,10663,8830,329,0,661,653,243640,22823,14845,6947,573,822,650,466,557,491,303,568,776,804,709,444,744,418,668,377,481,381,274,535,209,162,86,12463,565,500,815,419,769,317,399,745,930,943,941,476,627,883,645,322,386,244,351,415,367,180,224,1.2395142105922123,51.00371436918325,4.1108467927048125,0.0,0.05008138224615,0.2545803597512625,3.9188681607612375,39.42239472476107,4.22352990275865,1012,2.4302430243024307,100.0,8.059896898780789,77.29318386384094,8.280828082808284,20.679979422906047,34.908678842820954,8.412211705105985,12.49166777762965,10.191974403412878,12.294288480154888,9.002904162633108,4751,48.37100386886581,525,5.345143555284056,47.42390018285468,2460,3676,4529,3397,2291,2614,2816,1526,652,10.26668336046075,15.341596761403947,18.90154834940111,14.17720462418096,9.561370560494137,10.909394432619674,11.752431033763198,6.368682442302075,2.7210884353741496,54.3166261867962,81.16582026937513,100.0,75.00551998233605,50.58511812762199,57.71693530580703,62.1770810333407,33.69397217928903,14.396113932435417,737,6.6247191011235955,82.80971583981994,3.0854356184938574,6.199005908280972,6.123980118165619,24.33966033966034,65.04403452657407,30.438592647767603,26.85,892.4022346368714
Windsor,29468,43.7,104725,11643,529,467,1967,29185,21536,4290,750,1822,5283,3053,543,433,12934,9815,44,1196,29,648,1723,3079,12071,9348,873,11643,9595,2048,1681,305200,15414,378,451,45,360,15241,12281,173,5,216,2454,273200,28073,23615,1629,811,547,1269,587,195,179,31,722,1022,828,932,774,1010,939,1139,423,529,398,538,586,435,400,213,14961,584,644,719,507,237,229,84,587,777,830,1046,976,1077,856,1228,547,702,585,507,633,593,541,472,4.058639880548391,43.89167910954255,33.30731641102213,0.14931451065562645,0.09841183656848107,2.1989955205646803,5.847020496810099,10.448622234288042,8.293742364598888,2444,9.246946033709602,100.0,75.88526364620381,23.80547394464203,18.895933199319625,6.739763577180058,23.40267459138187,8.460252600297178,24.531017830609212,18.708209509658246,4.5435025337112425,4.0109937301382805,10221,84.67401209510396,428,3.545688012592163,82.41003177875118,2586,3514,3631,3636,3837,4162,4229,2247,1626,8.775621012623864,11.924799782815256,12.32184064069499,12.33880819872404,13.020904031491787,14.123795303379937,14.351160580969186,7.625220578254378,5.517849871046558,61.14920785055568,83.09292977063136,85.85954126270985,85.9777725230551,90.73066918893356,98.41570111137385,100.0,53.13312839914873,38.44880586427051,1234,8.005709095627351,80.578702184896,1.1350961223016862,1.45003608687094,16.10130568860311,21.3654492844295,84.11997292772415,5.802728600434581,29.51,998.5767536428328
Windsor Locks,12579,41.4,81205,5268,496,519,1370,12528,9351,3208,438,1155,1764,781,56,70,8847,1078,0,695,11,24,673,1251,5412,3546,469,5268,4059,1209,1394,258800,6828,165,136,85,115,6676,5243,11,0,95,1184,120500,11877,10223,715,197,281,250,215,154,0,181,167,386,460,702,421,224,294,602,194,196,57,265,247,183,101,141,6661,505,376,297,216,99,5,88,197,368,277,669,405,431,284,630,62,461,146,173,260,319,124,269,5.525081485014708,70.33150488910088,8.569838619922091,0.0,0.08744733285634788,0.19079418077748628,5.350186819302012,9.945146673026473,5.628428332935846,708,7.8557703176217935,100.0,12.18492144229682,14.140386571719226,8.002712783994575,10.935504469987228,38.99048230135814,12.3516201475778,18.86429258902791,9.699497379959363,9.41533788914199,9.851936218678816,4015,74.1869918699187,144,2.6607538802660753,77.0501138952164,1359,1231,1392,2108,1481,1810,1554,1009,635,10.80372048652516,9.786151522378567,11.066062485094205,16.75808887828921,11.773590905477382,14.389061133635424,12.353923205342237,8.02130535018682,5.048096033070991,64.46869070208729,58.396584440227706,66.03415559772297,100.0,70.2561669829222,85.86337760910816,73.719165085389,47.86527514231499,30.12333965844402,501,7.3374340949033385,78.53505092869982,0.164769322947873,1.4230077890952666,17.73517076093469,21.941005098324837,86.0739243916814,6.020038730319104,9.02,1394.567627494457
Wolcott,16279,44.4,110850,6248,122,385,292,16192,11847,2760,372,1273,2734,1105,316,232,12845,1153,2,247,0,0,1309,723,6534,5829,170,6248,5524,724,1464,326200,9380,237,544,190,164,9236,8189,12,0,1,1034,244955,15574,14041,442,322,579,543,438,70,237,6,282,696,251,422,688,383,1035,608,216,341,250,226,398,101,160,264,7763,383,235,362,293,112,157,89,324,574,327,483,401,422,834,639,126,344,236,232,453,188,163,386,1.517292216966644,78.90533816573499,7.082744640334172,0.012285766939001167,0.0,0.0,8.041034461576265,4.441304748448922,8.053320228515267,1311,1.9229272090307514,100.0,8.97625535227715,5.628649279875439,10.20630595562476,1.8033596837944663,26.437072676626993,10.745336372077318,23.07757238119355,13.952899468219805,1.9526248399487836,6.161971830985916,5999,91.81205999387818,286,4.377104377104377,88.4122919334187,1519,1818,2365,1483,1894,3116,1971,1140,973,9.331039990171385,11.167762147552061,14.52791940536888,9.109896185269365,11.634621291234106,19.14122489096382,12.10762331838565,7.002887155230665,5.9770256158240676,48.74839537869063,58.344030808729144,75.89858793324775,47.59306803594352,60.783055198973045,100.0,63.254172015404365,36.58536585365854,31.225930680359436,1135,12.100213219616204,88.66392377652663,0.12992637505413598,0.010827197921177999,11.195322650498051,29.865276761765422,90.1566713753692,2.8380634390651087,20.43,796.8184043073911
Woodbridge,9073,48.7,188750,3260,212,32,190,8988,6500,630,69,363,1209,1724,994,735,6734,248,0,1034,0,31,499,527,3498,3148,84,3260,3036,224,1808,588100,4044,242,178,74,115,3987,3243,28,0,29,687,81360,8696,7174,274,213,290,563,202,41,23,0,109,25,126,197,393,431,326,369,91,157,220,195,234,193,85,188,4402,164,334,300,174,57,0,13,90,35,160,257,303,319,354,368,210,248,148,263,168,145,113,179,11.396451008486718,74.22021382122782,2.733384767992946,0.0,0.0,0.34167309599911827,5.499834674308388,5.80844263198501,5.841507770307506,530,15.354915354915356,100.0,3.6828036828036828,7.8259578259578255,7.87050787050787,2.1139296840231423,10.753846153846155,5.584615384615384,18.6,53.12307692307693,6.5030674846625764,0.98159509202454,3232,92.3956546598056,238,6.803887935963409,93.12883435582822,1001,1337,295,740,1446,1417,1532,740,565,11.03273448693927,14.736029979058745,3.2514052683787065,8.156067452882178,15.937396671442741,15.617767000991952,16.88526397002094,8.156067452882178,6.227267717403285,65.33942558746736,87.27154046997389,19.255874673629243,48.30287206266319,94.38642297650131,92.49347258485639,100.0,48.30287206266319,36.8798955613577,609,15.059347181008903,81.33935289691497,0.7022824178580386,0.72736393278154,17.231000752445446,24.654545454545456,82.49770009199632,3.150873965041398,18.81,482.3498139287613
Woodbury,9833,51.4,131480,4373,197,44,706,9833,7706,1582,40,684,2059,1079,626,115,8356,186,0,298,0,25,550,418,4755,3399,538,4373,3407,966,1563,469900,5056,230,204,129,121,5148,3980,17,0,17,1057,144040,9415,8444,178,233,310,211,193,68,0,40,104,242,283,395,206,170,299,271,187,374,177,349,486,89,119,186,4841,185,214,216,141,0,37,15,160,272,225,341,47,427,155,346,230,397,324,228,600,115,105,61,3.0306112071595646,84.97915183565544,1.891589545408319,0.0,0.0,0.2542459066409031,5.593409946099868,4.250991559035899,5.847655852740771,575,3.566299664911441,100.0,2.225945428434658,5.002393489707995,6.881282910483486,7.179904403539103,21.04853361017389,8.876200363353231,26.719439397871785,23.617960031144563,4.504916533272353,1.0061742510862108,3937,82.79705573080967,382,8.033648790746582,77.90990166933456,942,829,870,1244,850,1071,2266,1290,471,9.579985762229228,8.430794264212347,8.847757551103427,12.651276314451337,8.644360825790704,10.891894640496288,23.044848977931455,13.119088782670598,4.789992881114614,41.57105030891439,36.584289496910856,38.39364518976169,54.898499558693736,37.51103265666372,47.26390114739629,100.0,56.92850838481907,20.785525154457194,684,13.528481012658228,77.31157731157731,0.33022533022533024,0.33022533022533024,20.532245532245533,35.208995355658764,89.68667020711631,1.890600106213489,36.36,270.43454345434543
Woodstock,8319,49.3,112011,3515,78,97,365,8319,6281,1085,202,568,1473,1230,150,143,7639,22,0,0,0,10,200,448,3776,3126,155,3515,2920,595,1202,417200,4551,202,191,49,81,4459,3765,0,16,30,558,119570,8082,7655,287,180,273,226,167,46,30,11,99,261,187,124,335,286,191,470,251,153,76,185,225,305,41,86,4111,57,218,310,149,97,21,36,118,157,57,350,309,144,198,521,254,164,130,200,314,149,65,93,0.0,91.82594061786273,0.2644548623632648,0.0,0.0,0.12020675561966582,2.4041351123933166,5.385262651761029,2.5243418680129825,210,0.0,100.0,0.28799581097002225,5.864641968844089,2.749050922895667,4.387546580117803,20.490367775831874,9.043145995860531,23.45167966884254,24.247731252985194,2.2190611664295874,2.759601706970128,3281,86.89088983050848,261,6.91207627118644,83.07254623044096,728,995,733,718,1074,1380,1413,993,285,8.751051809111672,11.96057218415675,8.811155186921503,8.630845053492006,12.910205553552109,16.588532275513884,16.985214569058783,11.936530833032817,3.425892535160476,51.52158527954707,70.41755130927105,51.87544232130219,50.8138711960368,76.00849256900213,97.66454352441613,100.0,70.27600849256899,20.169851380042463,523,11.491979784662712,84.43597219107423,0.0,1.031621439784705,12.514016595649249,30.651115098692642,94.71665429349171,3.5511012125711456,60.68,137.09624258404747
